<DATE>	<TIME>	<OPEN>	<HIGH>	<LOW>	<CLOSE>	<TICKVOL>	<VOL>	<SPREAD>
2025.01.02	00:00:00	2624.81	2634.42	2621.57	2632.99	16434	0	15
2025.01.02	04:00:00	2632.99	2636.49	2631.06	2634.05	29644	0	15
2025.01.02	08:00:00	2634.12	2639.92	2631.03	2636.08	29942	0	15
2025.01.02	12:00:00	2636.06	2647.27	2632.72	2643.03	43596	0	15
2025.01.02	16:00:00	2642.92	2660.42	2640.33	2656.51	67300	0	15
2025.01.02	20:00:00	2656.52	2660.43	2653.72	2657.39	26757	0	15
2025.01.03	00:00:00	2657.39	2662.48	2656.63	2659.36	9837	0	15
2025.01.03	04:00:00	2659.31	2665.22	2655.62	2658.48	19132	0	15
2025.01.03	08:00:00	2658.50	2660.32	2649.85	2653.60	27324	0	15
2025.01.03	12:00:00	2653.58	2659.28	2643.46	2649.94	28825	0	15
2025.01.03	16:00:00	2649.94	2652.68	2639.02	2641.77	54671	0	15
2025.01.03	20:00:00	2641.80	2642.94	2636.47	2639.01	18445	0	15
2025.01.06	00:00:00	2641.15	2647.38	2638.58	2641.26	17919	0	15
2025.01.06	04:00:00	2641.27	2645.33	2631.45	2633.82	28551	0	15
2025.01.06	08:00:00	2633.82	2635.76	2625.09	2632.67	28677	0	15
2025.01.06	12:00:00	2632.67	2649.52	2621.92	2624.15	55913	0	15
2025.01.06	16:00:00	2624.16	2641.25	2614.49	2636.66	74958	0	15
2025.01.06	20:00:00	2636.68	2638.63	2632.88	2635.67	25023	0	15
2025.01.07	00:00:00	2635.98	2641.13	2632.94	2638.97	15813	0	15
2025.01.07	04:00:00	2638.97	2645.55	2636.95	2644.35	22218	0	15
2025.01.07	08:00:00	2644.34	2646.72	2637.96	2641.41	27828	0	15
2025.01.07	12:00:00	2641.37	2663.82	2641.27	2661.90	40490	0	15
2025.01.07	16:00:00	2661.94	2663.00	2642.12	2652.49	71333	0	15
2025.01.07	20:00:00	2652.51	2652.59	2647.00	2648.74	32001	0	15
2025.01.08	00:00:00	2648.45	2651.54	2647.19	2648.82	14301	0	15
2025.01.08	04:00:00	2648.80	2650.72	2645.19	2650.04	21985	0	15
2025.01.08	08:00:00	2650.04	2655.79	2648.82	2654.20	29324	0	15
2025.01.08	12:00:00	2654.16	2660.44	2645.88	2660.27	41696	0	15
2025.01.08	16:00:00	2660.24	2670.11	2649.41	2655.61	63074	0	15
2025.01.08	20:00:00	2655.58	2664.02	2650.92	2661.46	28032	0	15
2025.01.09	00:00:00	2661.41	2663.12	2657.81	2658.95	10406	0	15
2025.01.09	04:00:00	2658.96	2662.69	2656.02	2658.89	19607	0	15
2025.01.09	08:00:00	2658.88	2667.45	2658.88	2665.55	28471	0	15
2025.01.09	12:00:00	2665.56	2678.88	2664.96	2673.32	35852	0	15
2025.01.09	16:00:00	2673.32	2676.32	2663.27	2666.58	38883	0	15
2025.01.09	20:00:00	2666.58	2673.09	2665.73	2670.87	18066	0	15
2025.01.10	00:00:00	2670.07	2672.56	2669.00	2671.69	13034	0	15
2025.01.10	04:00:00	2671.69	2676.49	2671.09	2675.54	18004	0	15
2025.01.10	08:00:00	2675.54	2682.90	2674.06	2679.20	32131	0	15
2025.01.10	12:00:00	2679.21	2684.40	2664.37	2683.44	50213	0	15
2025.01.10	16:00:00	2683.38	2697.78	2681.48	2695.97	91169	0	15
2025.01.10	20:00:00	2695.97	2697.11	2684.45	2689.22	30075	0	15
2025.01.13	00:00:00	2687.91	2693.16	2678.74	2685.59	25542	0	15
2025.01.13	04:00:00	2685.60	2690.81	2683.28	2686.93	31383	0	15
2025.01.13	08:00:00	2687.02	2691.30	2683.14	2684.80	43685	0	15
2025.01.13	12:00:00	2684.79	2685.01	2663.85	2669.12	57120	0	15
2025.01.13	16:00:00	2669.16	2674.20	2659.32	2660.93	69079	0	15
2025.01.13	20:00:00	2660.89	2664.18	2656.81	2663.67	23109	0	15
2025.01.14	00:00:00	2662.92	2672.87	2662.92	2671.48	19756	0	15
2025.01.14	04:00:00	2671.47	2674.67	2667.41	2669.13	29841	0	15
2025.01.14	08:00:00	2669.23	2675.06	2664.74	2667.35	39291	0	15
2025.01.14	12:00:00	2667.37	2674.31	2660.83	2662.92	47977	0	15
2025.01.14	16:00:00	2662.92	2674.00	2659.84	2669.04	70740	0	15
2025.01.14	20:00:00	2669.07	2678.12	2666.70	2676.80	28585	0	15
2025.01.15	00:00:00	2677.84	2677.91	2670.30	2670.43	9968	0	15
2025.01.15	04:00:00	2670.46	2679.80	2669.87	2679.78	25245	0	15
2025.01.15	08:00:00	2679.75	2689.16	2679.57	2686.52	37805	0	15
2025.01.15	12:00:00	2686.59	2694.10	2682.12	2693.67	57426	0	15
2025.01.15	16:00:00	2693.68	2696.03	2676.65	2692.63	78618	0	15
2025.01.15	20:00:00	2692.63	2697.30	2690.98	2696.26	24627	0	15
2025.01.16	00:00:00	2692.10	2702.59	2691.40	2696.58	22354	0	15
2025.01.16	04:00:00	2696.58	2698.80	2693.49	2694.13	24332	0	15
2025.01.16	08:00:00	2694.13	2706.78	2689.30	2705.94	43099	0	15
2025.01.16	12:00:00	2705.97	2718.21	2700.87	2715.43	52724	0	15
2025.01.16	16:00:00	2715.47	2724.73	2712.51	2721.75	73486	0	15
2025.01.16	20:00:00	2721.74	2723.32	2712.25	2714.38	27576	0	15
2025.01.17	00:00:00	2714.14	2716.59	2710.35	2714.12	19149	0	15
2025.01.17	04:00:00	2714.24	2716.97	2711.62	2712.02	22952	0	15
2025.01.17	08:00:00	2712.02	2713.91	2703.34	2704.29	33222	0	15
2025.01.17	12:00:00	2704.24	2712.18	2702.29	2705.09	47239	0	15
2025.01.17	16:00:00	2705.07	2717.30	2702.67	2712.58	67594	0	15
2025.01.17	20:00:00	2712.57	2713.31	2699.14	2702.52	29472	0	15
2025.01.20	00:00:00	2702.51	2703.00	2689.22	2694.37	22691	0	15
2025.01.20	04:00:00	2694.43	2708.08	2694.17	2706.55	31151	0	15
2025.01.20	08:00:00	2706.58	2713.13	2702.79	2706.78	32515	0	15
2025.01.20	12:00:00	2706.76	2713.08	2701.54	2705.08	47262	0	15
2025.01.20	16:00:00	2705.11	2712.10	2703.32	2707.43	46343	0	15
2025.01.20	20:00:00	2707.43	2711.31	2705.18	2709.70	2746	0	15
2025.01.21	00:00:00	2706.98	2718.66	2702.12	2717.38	29149	0	15
2025.01.21	04:00:00	2717.38	2728.51	2717.28	2725.49	41835	0	15
2025.01.21	08:00:00	2725.52	2732.08	2717.89	2721.49	47887	0	15
2025.01.21	12:00:00	2721.49	2730.30	2716.70	2726.55	51385	0	15
2025.01.21	16:00:00	2726.55	2746.03	2725.54	2740.60	68214	0	15
2025.01.21	20:00:00	2740.58	2746.27	2740.27	2744.92	25305	0	15
2025.01.22	00:00:00	2744.95	2749.92	2741.64	2748.17	19265	0	15
2025.01.22	04:00:00	2748.11	2758.63	2746.24	2758.00	27914	0	15
2025.01.22	08:00:00	2758.00	2762.28	2745.56	2758.45	44311	0	15
2025.01.22	12:00:00	2758.46	2763.29	2751.02	2757.71	40770	0	15
2025.01.22	16:00:00	2757.71	2760.29	2750.28	2756.57	61476	0	15
2025.01.22	20:00:00	2756.57	2759.38	2754.81	2756.02	23256	0	15
2025.01.23	00:00:00	2755.80	2756.31	2750.59	2752.64	13503	0	15
2025.01.23	04:00:00	2752.64	2754.90	2749.49	2752.15	27104	0	15
2025.01.23	08:00:00	2752.15	2755.53	2740.93	2745.91	38844	0	15
2025.01.23	12:00:00	2745.89	2754.44	2735.86	2741.59	58576	0	15
2025.01.23	16:00:00	2741.62	2758.77	2740.34	2757.73	69408	0	15
2025.01.23	20:00:00	2757.78	2758.23	2751.38	2754.28	31098	0	15
2025.01.24	00:00:00	2755.00	2762.57	2753.64	2762.33	15096	0	15
2025.01.24	04:00:00	2762.33	2777.28	2762.33	2775.29	46101	0	15
2025.01.24	08:00:00	2775.22	2778.38	2769.96	2772.76	41138	0	15
2025.01.24	12:00:00	2772.76	2784.59	2771.58	2782.42	41654	0	15
2025.01.24	16:00:00	2782.42	2785.96	2769.82	2773.23	67256	0	15
2025.01.24	20:00:00	2773.23	2775.27	2770.50	2771.22	23420	0	15
2025.01.27	00:00:00	2766.86	2772.46	2762.93	2762.96	24785	0	15
2025.01.27	04:00:00	2762.96	2763.65	2752.78	2753.20	42090	0	15
2025.01.27	08:00:00	2753.17	2764.85	2747.21	2763.33	48807	0	15
2025.01.27	12:00:00	2763.42	2771.98	2752.27	2757.25	57804	0	15
2025.01.27	16:00:00	2757.22	2757.88	2730.41	2733.71	77463	0	15
2025.01.27	20:00:00	2733.66	2743.95	2732.99	2740.45	33192	0	15
2025.01.28	00:00:00	2740.70	2745.34	2739.32	2741.34	16255	0	15
2025.01.28	04:00:00	2741.34	2744.92	2737.81	2741.70	36163	0	15
2025.01.28	08:00:00	2741.63	2745.00	2734.76	2743.35	37131	0	15
2025.01.28	12:00:00	2743.35	2749.53	2741.00	2748.94	40136	0	15
2025.01.28	16:00:00	2748.98	2760.08	2748.95	2759.68	60736	0	15
2025.01.28	20:00:00	2759.68	2765.01	2759.22	2763.34	24828	0	15
2025.01.29	00:00:00	2763.16	2766.24	2762.27	2763.70	8376	0	15
2025.01.29	04:00:00	2763.74	2765.61	2760.15	2760.63	24884	0	15
2025.01.29	08:00:00	2760.73	2766.13	2757.38	2762.69	38823	0	15
2025.01.29	12:00:00	2762.72	2763.33	2752.25	2758.68	49285	0	15
2025.01.29	16:00:00	2758.68	2761.05	2748.19	2752.73	57186	0	15
2025.01.29	20:00:00	2752.74	2759.46	2744.73	2759.17	44713	0	15
2025.01.30	00:00:00	2759.54	2762.56	2757.75	2760.12	9925	0	15
2025.01.30	04:00:00	2760.08	2763.33	2758.66	2760.48	17526	0	15
2025.01.30	08:00:00	2760.42	2776.53	2760.18	2774.24	36324	0	15
2025.01.30	12:00:00	2774.19	2786.09	2773.80	2785.87	46776	0	15
2025.01.30	16:00:00	2785.81	2798.54	2780.01	2795.59	91661	0	15
2025.01.30	20:00:00	2795.59	2798.36	2786.28	2792.72	39041	0	15
2025.01.31	00:00:00	2793.91	2799.46	2791.05	2796.30	16279	0	15
2025.01.31	04:00:00	2796.32	2798.23	2794.00	2795.51	25690	0	15
2025.01.31	08:00:00	2795.51	2800.89	2791.62	2793.66	37681	0	15
2025.01.31	12:00:00	2793.66	2808.43	2791.01	2806.36	45839	0	15
2025.01.31	16:00:00	2806.42	2817.12	2803.00	2808.72	74730	0	10
2025.01.31	20:00:00	2808.72	2808.92	2794.21	2798.60	58479	0	15
2025.02.03	00:00:00	2800.53	2803.61	2778.29	2782.21	37114	0	15
2025.02.03	04:00:00	2782.16	2785.03	2772.03	2783.06	56529	0	15
2025.02.03	08:00:00	2783.02	2800.79	2782.84	2796.31	56945	0	15
2025.02.03	12:00:00	2796.33	2811.84	2792.87	2811.03	49461	0	15
2025.02.03	16:00:00	2811.03	2830.56	2810.14	2817.13	86526	0	15
2025.02.03	20:00:00	2817.13	2822.95	2812.23	2814.63	38325	0	15
2025.02.04	00:00:00	2813.81	2824.27	2812.25	2823.34	15858	0	15
2025.02.04	04:00:00	2823.35	2824.58	2813.39	2815.82	43661	0	15
2025.02.04	08:00:00	2815.74	2821.90	2807.17	2820.48	55284	0	15
2025.02.04	12:00:00	2820.44	2837.12	2812.50	2831.65	58425	0	15
2025.02.04	16:00:00	2831.70	2845.48	2828.98	2843.91	83479	0	15
2025.02.04	20:00:00	2843.91	2845.01	2840.85	2841.98	29213	0	15
2025.02.05	00:00:00	2841.47	2849.72	2840.28	2845.00	28283	0	15
2025.02.05	04:00:00	2845.00	2861.20	2844.50	2859.78	28740	0	15
2025.02.05	08:00:00	2859.76	2872.17	2855.44	2870.88	41396	0	15
2025.02.05	12:00:00	2870.93	2877.57	2858.52	2861.85	52359	0	15
2025.02.05	16:00:00	2861.85	2882.29	2860.63	2872.95	81239	0	15
2025.02.05	20:00:00	2872.95	2873.45	2859.90	2867.32	39382	0	15
2025.02.06	00:00:00	2867.65	2871.29	2864.20	2870.93	18511	0	15
2025.02.06	04:00:00	2870.92	2872.57	2863.73	2867.71	29850	0	15
2025.02.06	08:00:00	2867.70	2870.71	2848.85	2859.31	46084	0	15
2025.02.06	12:00:00	2859.32	2870.31	2855.53	2856.78	51661	0	15
2025.02.06	16:00:00	2856.75	2859.80	2834.18	2852.36	67560	0	15
2025.02.06	20:00:00	2852.36	2857.35	2849.84	2855.94	27761	0	15
2025.02.07	00:00:00	2855.93	2868.82	2855.81	2866.78	15458	0	15
2025.02.07	04:00:00	2866.78	2870.80	2861.50	2861.60	22876	0	15
2025.02.07	08:00:00	2861.60	2870.69	2858.97	2868.94	33659	0	15
2025.02.07	12:00:00	2868.97	2870.66	2852.43	2862.58	48419	0	15
2025.02.07	16:00:00	2862.69	2886.78	2853.31	2860.02	87446	0	15
2025.02.07	20:00:00	2860.01	2865.29	2858.87	2861.09	26119	0	15
2025.02.10	00:00:00	2855.78	2877.24	2854.82	2872.45	27955	0	15
2025.02.10	04:00:00	2872.44	2880.58	2871.85	2879.36	30686	0	15
2025.02.10	08:00:00	2879.34	2903.27	2878.97	2902.98	46905	0	15
2025.02.10	12:00:00	2902.95	2911.11	2898.67	2901.00	57272	0	15
2025.02.10	16:00:00	2900.99	2911.73	2896.35	2903.31	59853	0	15
2025.02.10	20:00:00	2903.32	2908.19	2900.83	2907.91	25527	0	15
2025.02.11	00:00:00	2907.87	2936.76	2907.87	2934.69	26068	0	15
2025.02.11	04:00:00	2934.61	2943.29	2905.62	2922.29	49536	0	15
2025.02.11	08:00:00	2922.32	2928.78	2902.41	2902.61	54988	0	15
2025.02.11	12:00:00	2902.61	2906.48	2881.18	2896.46	74912	0	15
2025.02.11	16:00:00	2896.49	2908.66	2890.83	2905.55	74156	0	15
2025.02.11	20:00:00	2905.56	2907.19	2894.08	2897.59	33640	0	15
2025.02.12	00:00:00	2897.18	2900.63	2883.15	2893.85	21295	0	15
2025.02.12	04:00:00	2893.86	2898.41	2884.22	2886.86	34926	0	15
2025.02.12	08:00:00	2886.86	2895.80	2885.83	2886.25	42436	0	15
2025.02.12	12:00:00	2886.23	2889.29	2864.02	2884.74	55469	0	15
2025.02.12	16:00:00	2884.76	2909.19	2881.90	2902.88	75460	0	15
2025.02.12	20:00:00	2902.87	2904.21	2893.59	2904.11	33209	0	15
2025.02.13	00:00:00	2904.52	2908.99	2900.35	2906.03	18049	0	15
2025.02.13	04:00:00	2906.02	2923.39	2905.26	2918.57	29517	0	15
2025.02.13	08:00:00	2918.57	2920.68	2909.40	2915.42	46626	0	15
2025.02.13	12:00:00	2915.42	2921.34	2905.77	2908.52	51782	0	15
2025.02.13	16:00:00	2908.53	2920.95	2906.48	2918.92	62161	0	15
2025.02.13	20:00:00	2918.95	2929.49	2914.30	2928.38	32869	0	15
2025.02.14	00:00:00	2928.45	2933.85	2927.37	2929.91	22254	0	15
2025.02.14	04:00:00	2929.92	2932.39	2923.32	2930.93	33149	0	15
2025.02.14	08:00:00	2930.94	2938.83	2929.88	2935.25	49956	0	15
2025.02.14	12:00:00	2935.30	2940.04	2917.59	2920.49	60107	0	15
2025.02.14	16:00:00	2920.50	2928.53	2885.43	2887.00	110063	0	15
2025.02.14	20:00:00	2887.01	2887.94	2877.03	2882.67	40534	0	15
2025.02.17	00:00:00	2885.77	2896.50	2878.38	2895.47	27267	0	15
2025.02.17	04:00:00	2895.42	2905.19	2893.75	2896.21	30678	0	15
2025.02.17	08:00:00	2896.21	2906.38	2888.27	2902.58	43113	0	15
2025.02.17	12:00:00	2902.58	2903.86	2895.43	2896.76	43825	0	15
2025.02.17	16:00:00	2896.77	2904.11	2896.43	2898.49	41027	0	15
2025.02.17	20:00:00	2898.54	2899.15	2897.11	2898.05	3267	0	15
2025.02.18	00:00:00	2899.04	2900.32	2891.87	2895.75	12124	0	15
2025.02.18	04:00:00	2895.73	2915.81	2895.27	2910.65	30820	0	15
2025.02.18	08:00:00	2910.57	2915.38	2908.23	2912.64	28970	0	15
2025.02.18	12:00:00	2912.63	2921.42	2907.08	2918.75	37548	0	15
2025.02.18	16:00:00	2918.71	2933.68	2917.71	2931.13	56415	0	15
2025.02.18	20:00:00	2931.20	2936.93	2928.36	2935.14	26861	0	15
2025.02.19	00:00:00	2934.86	2939.59	2927.92	2938.46	12741	0	15
2025.02.19	04:00:00	2938.47	2939.61	2924.34	2932.73	29489	0	15
2025.02.19	08:00:00	2932.75	2946.56	2930.39	2945.41	32169	0	15
2025.02.19	12:00:00	2945.40	2946.99	2931.22	2936.32	40925	0	15
2025.02.19	16:00:00	2936.30	2940.56	2921.44	2923.89	61131	0	15
2025.02.19	20:00:00	2923.89	2937.52	2918.59	2932.80	34150	0	15
2025.02.20	00:00:00	2933.30	2942.36	2933.26	2936.91	16080	0	15
2025.02.20	04:00:00	2936.91	2946.84	2933.88	2946.76	21925	0	15
2025.02.20	08:00:00	2946.76	2954.90	2943.87	2951.50	28737	0	15
2025.02.20	12:00:00	2951.50	2954.79	2933.70	2933.93	46375	0	15
2025.02.20	16:00:00	2933.93	2947.00	2924.08	2940.46	65957	0	15
2025.02.20	20:00:00	2940.44	2942.48	2933.49	2938.20	28502	0	15
2025.02.21	00:00:00	2938.77	2949.28	2927.25	2929.24	19296	0	15
2025.02.21	04:00:00	2929.16	2941.73	2923.53	2929.61	35698	0	15
2025.02.21	08:00:00	2929.62	2933.66	2916.78	2929.29	33110	0	15
2025.02.21	12:00:00	2929.30	2936.13	2926.88	2930.91	33624	0	15
2025.02.21	16:00:00	2930.91	2941.63	2921.54	2939.70	59024	0	15
2025.02.21	20:00:00	2939.71	2942.78	2932.02	2936.06	30592	0	15
2025.02.24	00:00:00	2934.21	2940.18	2921.89	2928.43	25386	0	15
2025.02.24	04:00:00	2928.41	2944.11	2925.57	2936.29	34322	0	15
2025.02.24	08:00:00	2936.26	2948.73	2935.24	2944.19	30105	0	15
2025.02.24	12:00:00	2944.23	2954.56	2934.90	2954.43	35168	0	15
2025.02.24	16:00:00	2954.43	2956.20	2930.69	2943.20	62830	0	15
2025.02.24	20:00:00	2943.31	2952.94	2942.73	2952.32	22070	0	15
2025.02.25	00:00:00	2952.54	2953.52	2945.21	2949.56	18139	0	15
2025.02.25	04:00:00	2949.49	2952.05	2935.16	2937.92	28397	0	15
2025.02.25	08:00:00	2937.86	2942.39	2929.32	2938.40	38180	0	15
2025.02.25	12:00:00	2938.41	2941.06	2923.31	2936.68	48453	0	15
2025.02.25	16:00:00	2936.68	2944.84	2888.19	2907.64	86971	0	15
2025.02.25	20:00:00	2907.63	2917.27	2905.34	2914.91	33149	0	15
2025.02.26	00:00:00	2915.10	2930.15	2913.37	2917.85	21372	0	15
2025.02.26	04:00:00	2917.86	2923.04	2912.64	2915.37	22750	0	15
2025.02.26	08:00:00	2915.38	2919.02	2905.80	2913.06	32535	0	15
2025.02.26	12:00:00	2913.08	2916.82	2905.52	2905.90	30190	0	15
2025.02.26	16:00:00	2905.91	2916.97	2890.79	2914.00	59801	0	15
2025.02.26	20:00:00	2913.99	2918.69	2912.03	2916.37	26268	0	15
2025.02.27	00:00:00	2916.45	2920.76	2911.06	2912.54	15614	0	15
2025.02.27	04:00:00	2912.54	2914.87	2888.39	2890.79	36166	0	15
2025.02.27	08:00:00	2890.79	2898.22	2877.33	2886.64	48893	0	15
2025.02.27	12:00:00	2886.64	2894.32	2880.04	2887.87	46961	0	15
2025.02.27	16:00:00	2887.85	2891.49	2867.85	2883.15	70988	0	15
2025.02.27	20:00:00	2883.14	2887.61	2871.26	2875.95	35797	0	15
2025.02.28	00:00:00	2876.34	2883.85	2872.63	2873.54	17705	0	15
2025.02.28	04:00:00	2873.48	2877.82	2856.91	2864.09	37882	0	15
2025.02.28	08:00:00	2864.17	2866.63	2851.05	2862.42	40334	0	15
2025.02.28	12:00:00	2862.38	2864.94	2848.21	2848.37	39223	0	15
2025.02.28	16:00:00	2848.49	2854.01	2832.67	2845.08	67676	0	15
2025.02.28	20:00:00	2845.08	2859.25	2838.03	2857.43	37258	0	15
2025.03.03	00:00:00	2859.52	2876.65	2859.52	2870.87	24437	0	15
2025.03.03	04:00:00	2870.82	2871.93	2859.29	2863.83	26981	0	15
2025.03.03	08:00:00	2863.82	2871.57	2858.86	2867.44	35168	0	15
2025.03.03	12:00:00	2867.46	2877.69	2867.24	2872.64	30742	0	15
2025.03.03	16:00:00	2872.63	2893.11	2871.34	2890.98	55056	0	15
2025.03.03	20:00:00	2890.96	2895.29	2878.36	2893.47	35601	0	15
2025.03.04	00:00:00	2891.71	2893.73	2881.97	2888.29	16191	0	15
2025.03.04	04:00:00	2888.24	2894.31	2884.77	2889.60	22743	0	15
2025.03.04	08:00:00	2889.62	2921.34	2884.29	2918.00	36000	0	15
2025.03.04	12:00:00	2917.92	2927.88	2911.99	2922.03	41457	0	15
2025.03.04	16:00:00	2922.10	2922.54	2900.28	2911.60	68672	0	15
2025.03.04	20:00:00	2911.61	2920.68	2908.25	2917.51	33041	0	15
2025.03.05	00:00:00	2917.83	2918.14	2903.31	2907.11	18721	0	15
2025.03.05	04:00:00	2907.13	2919.39	2901.94	2919.32	26403	0	15
2025.03.05	08:00:00	2919.26	2922.54	2912.85	2918.96	39530	0	15
2025.03.05	12:00:00	2918.98	2919.26	2894.30	2899.99	42498	0	15
2025.03.05	16:00:00	2899.95	2929.84	2897.67	2916.08	74954	0	15
2025.03.05	20:00:00	2916.08	2922.99	2911.19	2919.13	30219	0	15
2025.03.06	00:00:00	2918.58	2925.69	2915.69	2924.59	13998	0	15
2025.03.06	04:00:00	2924.60	2926.56	2914.54	2919.71	23018	0	15
2025.03.06	08:00:00	2919.71	2922.79	2891.22	2894.22	25677	0	15
2025.03.06	12:00:00	2894.22	2909.37	2891.97	2904.51	46797	0	15
2025.03.06	16:00:00	2904.51	2922.65	2903.37	2915.51	62570	0	15
2025.03.06	20:00:00	2915.47	2920.60	2908.31	2910.86	27650	0	15
2025.03.07	00:00:00	2911.89	2913.58	2896.50	2906.88	21982	0	15
2025.03.07	04:00:00	2906.89	2912.47	2901.30	2909.61	33099	0	15
2025.03.07	08:00:00	2909.52	2923.04	2907.74	2921.52	28547	0	15
2025.03.07	12:00:00	2921.52	2926.36	2910.03	2913.69	39578	0	15
2025.03.07	16:00:00	2913.69	2930.32	2903.66	2908.22	72813	0	15
2025.03.07	20:00:00	2908.22	2912.52	2901.97	2911.15	31626	0	15
2025.03.10	00:00:00	2911.49	2918.24	2911.25	2912.04	20337	0	15
2025.03.10	04:00:00	2912.06	2914.52	2906.93	2909.88	24354	0	15
2025.03.10	08:00:00	2909.88	2915.49	2896.65	2911.20	37750	0	15
2025.03.10	12:00:00	2911.18	2911.31	2896.20	2903.56	50598	0	15
2025.03.10	16:00:00	2903.56	2910.30	2882.70	2886.18	59911	0	15
2025.03.10	20:00:00	2886.24	2891.00	2880.24	2889.02	26371	0	15
2025.03.11	00:00:00	2888.20	2891.59	2880.07	2891.28	24236	0	15
2025.03.11	04:00:00	2891.11	2899.98	2890.58	2895.19	25365	0	15
2025.03.11	08:00:00	2895.27	2912.52	2892.89	2911.74	34919	0	15
2025.03.11	12:00:00	2911.76	2922.25	2906.77	2917.96	39082	0	15
2025.03.11	16:00:00	2917.96	2920.85	2911.81	2917.70	47954	0	15
2025.03.11	20:00:00	2917.69	2921.34	2915.14	2916.02	18980	0	15
2025.03.12	00:00:00	2915.90	2919.57	2910.08	2914.16	16147	0	15
2025.03.12	04:00:00	2914.02	2920.66	2912.07	2916.08	20645	0	15
2025.03.12	08:00:00	2916.09	2925.94	2908.29	2914.69	37585	0	15
2025.03.12	12:00:00	2914.71	2922.58	2905.42	2916.31	49960	0	15
2025.03.12	16:00:00	2916.30	2940.49	2914.97	2936.13	51871	0	15
2025.03.12	20:00:00	2936.12	2937.35	2930.78	2933.18	18298	0	15
2025.03.13	00:00:00	2933.94	2940.73	2933.53	2937.21	16639	0	15
2025.03.13	04:00:00	2937.31	2946.42	2936.92	2940.03	24744	0	15
2025.03.13	08:00:00	2940.02	2948.89	2932.66	2947.86	30422	0	15
2025.03.13	12:00:00	2947.86	2952.46	2938.95	2950.42	44574	0	15
2025.03.13	16:00:00	2950.44	2985.28	2949.90	2979.39	70669	0	15
2025.03.13	20:00:00	2979.37	2989.09	2978.94	2988.61	19670	0	15
2025.03.14	00:00:00	2988.43	2990.09	2981.64	2987.82	22953	0	15
2025.03.14	04:00:00	2987.79	2993.87	2981.82	2986.49	26121	0	15
2025.03.14	08:00:00	2986.49	2999.49	2980.79	2998.75	33817	0	15
2025.03.14	12:00:00	2998.77	3004.82	2983.18	2985.68	50355	0	15
2025.03.14	16:00:00	2985.65	2993.43	2978.41	2986.73	51747	0	15
2025.03.14	20:00:00	2986.72	2988.82	2981.75	2985.97	16223	0	15
2025.03.17	00:00:00	2984.80	2994.01	2984.00	2990.81	20531	0	15
2025.03.17	04:00:00	2990.81	2992.06	2982.21	2986.00	16994	0	15
2025.03.17	08:00:00	2986.01	2996.94	2983.17	2995.62	22549	0	15
2025.03.17	12:00:00	2995.62	3001.18	2984.76	2988.46	37927	0	15
2025.03.17	16:00:00	2988.39	3000.54	2987.05	2997.94	37846	0	15
2025.03.17	20:00:00	2997.92	3001.93	2996.76	3001.21	13605	0	15
2025.03.18	00:00:00	3001.51	3007.81	2999.11	3004.99	16321	0	15
2025.03.18	04:00:00	3005.01	3016.92	3002.07	3011.14	22623	0	15
2025.03.18	08:00:00	3011.20	3029.09	3010.42	3019.46	31714	0	15
2025.03.18	12:00:00	3019.28	3038.28	3019.01	3033.21	45036	0	15
2025.03.18	16:00:00	3032.97	3036.95	3024.68	3032.60	46725	0	15
2025.03.18	20:00:00	3032.59	3037.99	3032.38	3033.92	13362	0	15
2025.03.19	00:00:00	3033.84	3034.95	3026.69	3028.78	11969	0	15
2025.03.19	04:00:00	3028.72	3044.61	3028.39	3043.82	21432	0	15
2025.03.19	08:00:00	3043.76	3044.69	3022.07	3030.20	32900	0	15
2025.03.19	12:00:00	3030.20	3040.94	3027.70	3033.38	31780	0	15
2025.03.19	16:00:00	3033.38	3039.03	3025.84	3030.43	37007	0	15
2025.03.19	20:00:00	3029.83	3052.00	3028.82	3047.33	30008	0	15
2025.03.20	00:00:00	3048.73	3056.18	3046.81	3049.59	23961	0	15
2025.03.20	04:00:00	3049.59	3057.75	3044.27	3046.21	34080	0	15
2025.03.20	08:00:00	3046.19	3051.41	3038.06	3041.39	35964	0	15
2025.03.20	12:00:00	3041.39	3042.95	3025.00	3033.48	56448	0	15
2025.03.20	16:00:00	3033.45	3043.84	3030.81	3041.66	49161	0	15
2025.03.20	20:00:00	3041.66	3046.12	3040.80	3044.52	15289	0	15
2025.03.21	00:00:00	3044.90	3047.44	3035.75	3035.75	16231	0	15
2025.03.21	04:00:00	3035.75	3036.95	3021.59	3028.06	27886	0	15
2025.03.21	08:00:00	3028.07	3034.86	3027.02	3030.28	31851	0	15
2025.03.21	12:00:00	3030.28	3038.69	3004.19	3006.57	44937	0	15
2025.03.21	16:00:00	3006.54	3018.04	2999.93	3013.18	60229	0	15
2025.03.21	20:00:00	3013.22	3024.04	3012.74	3022.99	17228	0	15
2025.03.24	00:00:00	3023.55	3026.30	3016.35	3020.15	24247	0	15
2025.03.24	04:00:00	3020.15	3024.17	3014.41	3022.62	25623	0	15
2025.03.24	08:00:00	3022.53	3030.38	3017.71	3023.49	34550	0	15
2025.03.24	12:00:00	3023.55	3033.24	3019.08	3022.67	43054	0	15
2025.03.24	16:00:00	3022.67	3024.02	3005.77	3007.10	52132	0	15
2025.03.24	20:00:00	3007.10	3014.66	3002.46	3011.70	18215	0	15
2025.03.25	00:00:00	3011.40	3015.46	3008.87	3012.44	15734	0	15
2025.03.25	04:00:00	3012.42	3021.61	3006.86	3018.91	24383	0	15
2025.03.25	08:00:00	3018.91	3023.54	3010.51	3023.38	24948	0	15
2025.03.25	12:00:00	3023.25	3030.64	3014.11	3028.53	34235	0	15
2025.03.25	16:00:00	3028.53	3035.99	3017.90	3022.62	39651	0	15
2025.03.25	20:00:00	3022.62	3022.92	3017.84	3020.24	10539	0	15
2025.03.26	00:00:00	3019.45	3025.39	3016.32	3024.68	15038	0	15
2025.03.26	04:00:00	3024.71	3026.93	3013.08	3022.71	25391	0	15
2025.03.26	08:00:00	3022.75	3032.07	3017.49	3018.78	28205	0	15
2025.03.26	12:00:00	3018.62	3030.38	3015.87	3016.70	33831	0	15
2025.03.26	16:00:00	3016.69	3021.62	3012.25	3018.70	39125	0	15
2025.03.26	20:00:00	3018.79	3021.73	3015.72	3018.95	13007	0	15
2025.03.27	00:00:00	3020.56	3028.36	3017.53	3023.51	16687	0	15
2025.03.27	04:00:00	3023.52	3038.58	3023.16	3029.66	23724	0	15
2025.03.27	08:00:00	3029.61	3041.03	3026.60	3040.02	29477	0	15
2025.03.27	12:00:00	3039.91	3055.89	3033.48	3040.64	47871	0	15
2025.03.27	16:00:00	3040.64	3059.72	3040.64	3052.92	63430	0	15
2025.03.27	20:00:00	3052.93	3057.81	3052.70	3056.56	18606	0	15
2025.03.28	00:00:00	3055.82	3074.00	3054.04	3073.94	18462	0	15
2025.03.28	04:00:00	3073.89	3082.15	3069.65	3077.85	24419	0	15
2025.03.28	08:00:00	3077.85	3085.98	3066.09	3072.96	31756	0	15
2025.03.28	12:00:00	3073.00	3084.13	3067.32	3083.24	43111	0	15
2025.03.28	16:00:00	3083.16	3086.82	3067.31	3077.40	54808	0	15
2025.03.28	20:00:00	3077.47	3085.80	3073.46	3085.21	18205	0	15
2025.03.31	00:00:00	3087.96	3097.70	3077.53	3078.92	14137	0	15
2025.03.31	04:00:00	3078.99	3115.77	3076.58	3113.23	36010	0	15
2025.03.31	08:00:00	3113.20	3128.07	3107.46	3122.25	38612	0	15
2025.03.31	12:00:00	3122.30	3126.62	3111.86	3124.42	35642	0	15
2025.03.31	16:00:00	3124.42	3127.08	3099.87	3117.58	69653	0	15
2025.03.31	20:00:00	3117.58	3124.75	3115.90	3124.02	23943	0	15
2025.04.01	00:00:00	3124.79	3128.08	3120.00	3127.16	8953	0	15
2025.04.01	04:00:00	3127.15	3147.85	3126.41	3144.67	35463	0	15
2025.04.01	08:00:00	3144.68	3149.00	3124.00	3130.89	44164	0	15
2025.04.01	12:00:00	3130.90	3138.94	3127.76	3133.43	31502	0	15
2025.04.01	16:00:00	3133.47	3137.13	3100.65	3106.60	69987	0	15
2025.04.01	20:00:00	3106.59	3120.66	3105.69	3114.19	22602	0	15
2025.04.02	00:00:00	3114.03	3123.73	3107.63	3122.86	11875	0	15
2025.04.02	04:00:00	3122.85	3135.61	3115.35	3115.78	25690	0	15
2025.04.02	08:00:00	3115.94	3133.81	3108.74	3131.30	31200	0	15
2025.04.02	12:00:00	3131.34	3131.51	3110.11	3122.43	32136	0	15
2025.04.02	16:00:00	3122.42	3134.31	3116.65	3131.35	50768	0	15
2025.04.02	20:00:00	3131.35	3146.06	3105.01	3132.19	41210	0	15
2025.04.03	00:00:00	3131.59	3167.65	3117.81	3150.46	45793	0	15
2025.04.03	04:00:00	3150.71	3162.28	3138.87	3140.31	48125	0	15
2025.04.03	08:00:00	3140.34	3140.88	3116.44	3129.18	52382	0	15
2025.04.03	12:00:00	3129.00	3129.62	3062.50	3076.80	78046	0	15
2025.04.03	16:00:00	3076.79	3135.46	3054.63	3107.54	99692	0	18
2025.04.03	20:00:00	3107.44	3119.70	3100.04	3113.06	40919	0	18
2025.04.04	00:00:00	3113.80	3116.64	3105.91	3110.49	15894	0	18
2025.04.04	04:00:00	3110.47	3115.69	3086.92	3100.01	40831	0	18
2025.04.04	08:00:00	3099.86	3110.50	3078.85	3083.52	49110	0	18
2025.04.04	12:00:00	3083.52	3135.99	3070.55	3072.18	84679	0	18
2025.04.04	16:00:00	3072.18	3088.35	3017.95	3031.96	89494	0	18
2025.04.04	20:00:00	3031.96	3041.91	3016.62	3037.47	52803	0	18
2025.04.07	00:00:00	3028.67	3032.16	2970.31	2978.74	36935	0	18
2025.04.07	04:00:00	2978.74	3054.58	2971.90	3036.15	62431	0	18
2025.04.07	08:00:00	3036.22	3043.64	3013.25	3031.19	78622	0	18
2025.04.07	12:00:00	3031.51	3046.08	3014.72	3031.29	72635	0	18
2025.04.07	16:00:00	3031.23	3037.89	2970.02	2970.56	106823	0	18
2025.04.07	20:00:00	2970.44	2985.91	2956.26	2982.62	52034	0	18
2025.04.08	00:00:00	2981.91	2992.60	2978.46	2985.26	18465	0	18
2025.04.08	04:00:00	2985.28	3004.94	2983.49	3002.24	43265	0	18
2025.04.08	08:00:00	3002.22	3015.66	2999.22	3007.53	45952	0	18
2025.04.08	12:00:00	3007.50	3019.44	2994.74	3002.53	40984	0	18
2025.04.08	16:00:00	3002.56	3022.64	2984.31	2985.96	81193	0	15
2025.04.08	20:00:00	2985.96	2992.14	2974.76	2982.28	54571	0	18
2025.04.09	00:00:00	2983.90	2990.65	2969.85	2980.26	30625	0	18
2025.04.09	04:00:00	2980.18	3014.06	2972.19	3012.30	65418	0	18
2025.04.09	08:00:00	3012.27	3052.13	3005.32	3044.15	65209	0	18
2025.04.09	12:00:00	3044.21	3073.01	3035.75	3047.46	65302	0	18
2025.04.09	16:00:00	3047.46	3094.83	3047.12	3092.18	80111	0	18
2025.04.09	20:00:00	3092.24	3099.38	3048.44	3083.17	76327	0	18
2025.04.10	00:00:00	3080.66	3101.18	3071.31	3097.18	29549	0	18
2025.04.10	04:00:00	3097.18	3132.44	3078.37	3125.11	52672	0	18
2025.04.10	08:00:00	3125.19	3132.59	3104.55	3104.83	47794	0	18
2025.04.10	12:00:00	3104.84	3133.77	3103.36	3123.05	48974	0	18
2025.04.10	16:00:00	3122.98	3174.90	3116.08	3158.54	81016	0	18
2025.04.10	20:00:00	3158.48	3176.37	3151.50	3175.59	41846	0	18
2025.04.11	00:00:00	3177.62	3217.88	3175.95	3205.50	33464	0	18
2025.04.11	04:00:00	3205.42	3220.07	3200.98	3208.48	57658	0	18
2025.04.11	08:00:00	3208.59	3227.14	3187.12	3215.87	68385	0	18
2025.04.11	12:00:00	3215.87	3237.80	3210.07	3233.76	53783	0	18
2025.04.11	16:00:00	3233.80	3245.42	3219.44	3223.18	81479	0	18
2025.04.11	20:00:00	3223.16	3239.27	3223.16	3237.87	36357	0	18
2025.04.14	00:00:00	3218.87	3227.24	3208.42	3220.85	22384	0	18
2025.04.14	04:00:00	3220.85	3245.60	3215.18	3227.22	38713	0	18
2025.04.14	08:00:00	3227.14	3238.07	3216.47	3227.04	36155	0	18
2025.04.14	12:00:00	3227.03	3231.70	3200.60	3206.69	43644	0	18
2025.04.14	16:00:00	3206.67	3215.56	3193.47	3207.50	63572	0	18
2025.04.14	20:00:00	3207.56	3216.52	3201.31	3210.23	26740	0	18
2025.04.15	00:00:00	3211.72	3215.27	3210.30	3211.85	8634	0	18
2025.04.15	04:00:00	3211.83	3232.54	3209.87	3231.71	26288	0	18
2025.04.15	08:00:00	3231.72	3232.18	3217.22	3227.66	30305	0	18
2025.04.15	12:00:00	3227.67	3230.14	3214.28	3221.47	26997	0	18
2025.04.15	16:00:00	3221.47	3226.95	3211.60	3221.52	48693	0	18
2025.04.15	20:00:00	3221.51	3233.57	3220.39	3229.74	24745	0	18
2025.04.16	00:00:00	3230.48	3267.31	3229.81	3263.83	19819	0	18
2025.04.16	04:00:00	3263.68	3288.42	3256.02	3284.30	38847	0	18
2025.04.16	08:00:00	3284.28	3317.28	3284.24	3306.96	51982	0	18
2025.04.16	12:00:00	3307.00	3313.39	3293.75	3307.29	36859	0	18
2025.04.16	16:00:00	3307.29	3333.03	3296.72	3327.31	57888	0	18
2025.04.16	20:00:00	3327.31	3342.68	3324.32	3342.26	33743	0	18
2025.04.17	00:00:00	3343.30	3357.71	3341.90	3345.20	18710	0	18
2025.04.17	04:00:00	3345.15	3356.23	3320.69	3341.49	46511	0	18
2025.04.17	08:00:00	3341.56	3345.48	3312.57	3324.24	40632	0	18
2025.04.17	12:00:00	3324.16	3342.09	3320.57	3328.11	33775	0	18
2025.04.17	16:00:00	3328.11	3332.08	3283.88	3316.08	82065	0	18
2025.04.17	20:00:00	3316.14	3328.86	3310.95	3327.31	30621	0	18
2025.04.21	00:00:00	3331.25	3370.73	3326.83	3368.60	27987	0	18
2025.04.21	04:00:00	3368.60	3385.23	3367.11	3376.32	45050	0	18
2025.04.21	08:00:00	3376.32	3395.99	3375.35	3392.68	45839	0	18
2025.04.21	12:00:00	3392.73	3415.69	3386.46	3414.93	50400	0	18
2025.04.21	16:00:00	3414.93	3430.18	3405.07	3414.55	74916	0	18
2025.04.21	20:00:00	3414.56	3430.42	3406.09	3424.55	51846	0	18
2025.04.22	00:00:00	3423.94	3444.35	3412.02	3425.34	28944	0	18
2025.04.22	04:00:00	3425.38	3494.73	3421.48	3484.50	60883	0	18
2025.04.22	08:00:00	3484.50	3499.90	3443.06	3443.85	77552	0	18
2025.04.22	12:00:00	3443.87	3468.14	3423.74	3430.83	51934	0	18
2025.04.22	16:00:00	3430.70	3449.58	3372.00	3393.08	98271	0	18
2025.04.22	20:00:00	3393.13	3410.26	3366.67	3381.20	50246	0	18
2025.04.23	00:00:00	3318.78	3371.07	3314.90	3367.80	37840	0	18
2025.04.23	04:00:00	3367.81	3386.58	3328.16	3346.50	62255	0	18
2025.04.23	08:00:00	3346.56	3348.51	3291.33	3321.41	62023	0	18
2025.04.23	12:00:00	3321.37	3341.22	3309.91	3310.19	47083	0	18
2025.04.23	16:00:00	3310.18	3313.03	3260.04	3295.17	100588	0	18
2025.04.23	20:00:00	3295.13	3301.51	3277.71	3288.13	37068	0	18
2025.04.24	00:00:00	3290.94	3339.02	3290.57	3331.61	21959	0	18
2025.04.24	04:00:00	3331.61	3368.20	3320.52	3326.23	55759	0	18
2025.04.24	08:00:00	3326.24	3341.46	3313.78	3335.93	44625	0	18
2025.04.24	12:00:00	3336.01	3344.66	3325.39	3335.76	32641	0	18
2025.04.24	16:00:00	3335.74	3336.20	3306.72	3331.63	71993	0	18
2025.04.24	20:00:00	3331.65	3349.93	3329.95	3349.13	27340	0	18
2025.04.25	00:00:00	3355.91	3370.91	3321.31	3357.62	21655	0	18
2025.04.25	04:00:00	3357.62	3362.94	3316.15	3324.66	42608	0	18
2025.04.25	08:00:00	3324.63	3327.20	3286.73	3303.60	55536	0	18
2025.04.25	12:00:00	3303.81	3308.83	3287.95	3292.60	38225	0	18
2025.04.25	16:00:00	3292.61	3292.89	3265.03	3285.46	63869	0	18
2025.04.25	20:00:00	3285.43	3319.10	3281.94	3318.49	27654	0	18
2025.04.28	00:00:00	3328.02	3330.75	3298.59	3313.80	26402	0	18
2025.04.28	04:00:00	3313.72	3314.88	3267.86	3298.91	39539	0	18
2025.04.28	08:00:00	3299.03	3301.06	3277.67	3282.57	35351	0	18
2025.04.28	12:00:00	3282.58	3302.25	3273.20	3295.94	35610	0	18
2025.04.28	16:00:00	3296.19	3339.22	3286.81	3336.51	70584	0	18
2025.04.28	20:00:00	3336.62	3352.88	3332.99	3344.15	29987	0	18
2025.04.29	00:00:00	3345.97	3348.61	3327.57	3329.94	16342	0	18
2025.04.29	04:00:00	3329.90	3339.94	3306.55	3309.23	33864	0	18
2025.04.29	08:00:00	3309.17	3324.80	3304.98	3311.79	27290	0	18
2025.04.29	12:00:00	3311.79	3315.98	3300.48	3312.89	30921	0	18
2025.04.29	16:00:00	3312.71	3329.96	3299.67	3328.77	58172	0	18
2025.04.29	20:00:00	3328.79	3329.64	3313.23	3317.15	24631	0	18
2025.04.30	00:00:00	3315.60	3327.89	3310.78	3313.19	11323	0	18
2025.04.30	04:00:00	3313.18	3322.65	3301.15	3307.87	24579	0	18
2025.04.30	08:00:00	3307.82	3314.62	3280.22	3284.48	32298	0	18
2025.04.30	12:00:00	3284.48	3304.89	3266.93	3298.64	47388	0	18
2025.04.30	16:00:00	3298.56	3319.64	3292.86	3310.78	66038	0	18
2025.04.30	20:00:00	3310.74	3313.50	3282.93	3288.27	28369	0	18
2025.05.01	00:00:00	3287.57	3290.16	3240.97	3246.10	26191	0	18
2025.05.01	04:00:00	3246.11	3251.47	3221.08	3226.37	30627	0	18
2025.05.01	08:00:00	3226.35	3242.97	3223.07	3235.04	30119	0	18
2025.05.01	12:00:00	3235.10	3236.31	3201.77	3226.85	45126	0	18
2025.05.01	16:00:00	3226.79	3233.18	3204.83	3219.50	60831	0	18
2025.05.01	20:00:00	3219.59	3239.52	3209.81	3237.76	30731	0	18
2025.05.02	00:00:00	3240.58	3244.24	3227.34	3231.07	15301	0	18
2025.05.02	04:00:00	3231.07	3258.54	3230.94	3251.74	22647	0	18
2025.05.02	08:00:00	3251.40	3263.32	3246.19	3258.02	25843	0	18
2025.05.02	12:00:00	3258.04	3269.21	3248.22	3250.24	37447	0	18
2025.05.02	16:00:00	3250.24	3264.47	3222.72	3224.85	94440	0	18
2025.05.02	20:00:00	3224.95	3241.52	3223.44	3241.16	45062	0	18
2025.05.05	00:00:00	3242.22	3251.65	3237.37	3246.32	20193	0	18
2025.05.05	04:00:00	3246.33	3271.59	3246.12	3256.34	40296	0	18
2025.05.05	08:00:00	3256.31	3283.58	3253.87	3283.38	38151	0	18
2025.05.05	12:00:00	3283.41	3322.51	3282.92	3319.54	50232	0	18
2025.05.05	16:00:00	3319.54	3328.64	3305.58	3309.65	60165	0	18
2025.05.05	20:00:00	3309.71	3337.49	3309.00	3333.87	30649	0	18
2025.05.06	00:00:00	3336.09	3337.92	3321.90	3329.24	18379	0	18
2025.05.06	04:00:00	3329.24	3386.98	3329.24	3363.56	67293	0	18
2025.05.06	08:00:00	3363.56	3383.06	3350.19	3377.17	53171	0	18
2025.05.06	12:00:00	3377.17	3392.30	3371.36	3391.01	46447	0	18
2025.05.06	16:00:00	3391.22	3411.62	3378.22	3408.83	69383	0	18
2025.05.06	20:00:00	3408.83	3434.86	3407.44	3430.56	38124	0	18
2025.05.07	00:00:00	3426.01	3430.46	3360.65	3379.35	47101	0	18
2025.05.07	04:00:00	3379.24	3393.88	3359.95	3381.97	46412	0	18
2025.05.07	08:00:00	3381.98	3397.38	3378.17	3382.81	41451	0	18
2025.05.07	12:00:00	3382.77	3393.85	3369.19	3390.87	47110	0	18
2025.05.07	16:00:00	3390.89	3397.97	3375.59	3386.89	61592	0	18
2025.05.07	20:00:00	3386.79	3397.88	3363.57	3363.95	53065	0	18
2025.05.08	00:00:00	3366.88	3386.76	3366.34	3380.49	15566	0	18
2025.05.08	04:00:00	3380.48	3414.60	3378.83	3381.76	51184	0	18
2025.05.08	08:00:00	3381.83	3384.08	3320.13	3339.22	68777	0	18
2025.05.08	12:00:00	3339.19	3358.53	3330.37	3356.04	44861	0	18
2025.05.08	16:00:00	3356.04	3369.43	3304.30	3310.15	71096	0	18
2025.05.08	20:00:00	3310.13	3311.09	3288.61	3306.27	41449	0	18
2025.05.09	00:00:00	3308.26	3323.92	3306.18	3322.07	18612	0	18
2025.05.09	04:00:00	3322.05	3327.24	3274.43	3324.43	48988	0	18
2025.05.09	08:00:00	3324.47	3332.17	3312.73	3328.53	41282	0	18
2025.05.09	12:00:00	3328.53	3338.33	3322.06	3333.53	33460	0	18
2025.05.09	16:00:00	3333.53	3347.44	3320.31	3336.82	63738	0	18
2025.05.09	20:00:00	3336.80	3342.91	3324.55	3325.87	28975	0	18
2025.05.12	00:00:00	3279.61	3291.08	3265.59	3278.79	29166	0	18
2025.05.12	04:00:00	3278.79	3284.62	3258.59	3278.72	41549	0	18
2025.05.12	08:00:00	3278.94	3281.54	3216.05	3231.31	68778	0	18
2025.05.12	12:00:00	3231.33	3234.23	3207.70	3233.71	55435	0	18
2025.05.12	16:00:00	3233.71	3248.63	3223.12	3224.11	75408	0	18
2025.05.12	20:00:00	3224.12	3238.75	3220.23	3234.29	33397	0	18
2025.05.13	00:00:00	3239.47	3243.14	3229.74	3239.68	13580	0	18
2025.05.13	04:00:00	3239.69	3253.29	3215.70	3252.44	37138	0	18
2025.05.13	08:00:00	3252.44	3265.41	3247.27	3255.62	36078	0	18
2025.05.13	12:00:00	3255.56	3258.54	3237.31	3242.06	38907	0	18
2025.05.13	16:00:00	3241.90	3257.76	3225.46	3250.95	64639	0	18
2025.05.13	20:00:00	3250.95	3254.67	3242.04	3250.05	24720	0	18
2025.05.14	00:00:00	3251.96	3256.97	3241.10	3244.21	12158	0	18
2025.05.14	04:00:00	3244.23	3251.63	3222.68	3223.86	32942	0	18
2025.05.14	08:00:00	3223.87	3243.73	3221.54	3232.58	38055	0	18
2025.05.14	12:00:00	3232.56	3239.13	3184.17	3184.77	48082	0	18
2025.05.14	16:00:00	3184.77	3198.25	3173.69	3188.41	74229	0	18
2025.05.14	20:00:00	3188.41	3190.39	3168.04	3177.93	30540	0	18
2025.05.15	00:00:00	3178.57	3187.66	3176.97	3187.57	11313	0	18
2025.05.15	04:00:00	3187.57	3192.65	3135.38	3138.50	37638	0	18
2025.05.15	08:00:00	3138.63	3164.27	3120.64	3162.41	46428	0	18
2025.05.15	12:00:00	3162.40	3189.81	3159.27	3188.80	38137	0	18
2025.05.15	16:00:00	3188.80	3222.74	3185.19	3222.53	59646	0	18
2025.05.15	20:00:00	3222.55	3240.43	3216.37	3240.30	27090	0	18
2025.05.16	00:00:00	3239.47	3252.07	3231.85	3243.05	21196	0	18
2025.05.16	04:00:00	3243.07	3244.50	3206.52	3219.38	36176	0	18
2025.05.16	08:00:00	3219.35	3231.04	3195.45	3207.51	35227	0	18
2025.05.16	12:00:00	3207.35	3212.91	3154.02	3177.39	44795	0	18
2025.05.16	16:00:00	3177.38	3189.73	3165.75	3189.27	51662	0	18
2025.05.16	20:00:00	3189.30	3202.74	3183.49	3201.89	22276	0	18
2025.05.19	00:00:00	3211.96	3249.69	3205.06	3246.30	26371	0	18
2025.05.19	04:00:00	3246.24	3246.65	3206.44	3215.76	37893	0	18
2025.05.19	08:00:00	3215.77	3244.86	3214.91	3244.45	31663	0	18
2025.05.19	12:00:00	3244.47	3248.56	3228.82	3229.24	26599	0	18
2025.05.19	16:00:00	3229.24	3241.45	3217.13	3231.70	48240	0	18
2025.05.19	20:00:00	3231.72	3235.80	3225.28	3230.23	19070	0	18
2025.05.20	00:00:00	3229.33	3230.48	3214.11	3222.79	15144	0	18
2025.05.20	04:00:00	3222.79	3232.67	3204.59	3217.24	43329	0	18
2025.05.20	08:00:00	3217.24	3235.93	3207.98	3235.79	38333	0	18
2025.05.20	12:00:00	3235.79	3250.57	3230.47	3242.82	31414	0	18
2025.05.20	16:00:00	3242.82	3285.72	3232.87	3278.93	79501	0	18
2025.05.20	20:00:00	3278.93	3295.56	3278.34	3290.09	29405	0	18
2025.05.21	00:00:00	3291.79	3304.06	3288.47	3303.35	21611	0	18
2025.05.21	04:00:00	3303.34	3314.57	3285.25	3302.11	45017	0	18
2025.05.21	08:00:00	3301.97	3320.73	3298.36	3308.41	37385	0	18
2025.05.21	12:00:00	3308.41	3318.21	3290.69	3302.72	39718	0	18
2025.05.21	16:00:00	3302.72	3315.15	3295.26	3303.19	60142	0	18
2025.05.21	20:00:00	3302.94	3324.79	3302.86	3315.39	39527	0	18
2025.05.22	00:00:00	3318.99	3326.19	3315.31	3323.68	18949	0	18
2025.05.22	04:00:00	3323.67	3344.76	3320.41	3339.23	45939	0	18
2025.05.22	08:00:00	3339.23	3340.19	3310.05	3311.09	43907	0	18
2025.05.22	12:00:00	3311.09	3314.65	3282.91	3304.18	56636	0	18
2025.05.22	16:00:00	3304.23	3315.70	3279.17	3301.55	77790	0	18
2025.05.22	20:00:00	3301.56	3301.75	3289.04	3294.36	34348	0	18
2025.05.23	00:00:00	3295.77	3308.84	3286.80	3300.90	20071	0	18
2025.05.23	04:00:00	3300.89	3316.25	3290.83	3313.75	37086	0	18
2025.05.23	08:00:00	3313.74	3334.37	3312.55	3326.43	36254	0	18
2025.05.23	12:00:00	3326.42	3359.61	3323.44	3356.25	58008	0	18
2025.05.23	16:00:00	3356.20	3364.51	3336.71	3358.85	73585	0	18
2025.05.23	20:00:00	3358.92	3365.85	3355.32	3355.40	27694	0	18
2025.05.26	00:00:00	3352.51	3356.17	3330.58	3341.17	24049	0	18
2025.05.26	04:00:00	3341.03	3356.44	3335.53	3349.96	32328	0	18
2025.05.26	08:00:00	3349.95	3351.73	3330.99	3334.39	22592	0	18
2025.05.26	12:00:00	3334.49	3336.14	3323.44	3334.24	17437	0	18
2025.05.26	16:00:00	3334.24	3343.51	3331.38	3341.95	20458	0	18
2025.05.26	20:00:00	3341.94	3343.08	3340.59	3341.07	1410	0	18
2025.05.27	00:00:00	3343.30	3350.06	3342.30	3345.03	13532	0	18
2025.05.27	04:00:00	3345.08	3347.26	3330.67	3330.84	30445	0	18
2025.05.27	08:00:00	3330.84	3332.65	3292.49	3298.59	58881	0	18
2025.05.27	12:00:00	3298.54	3309.79	3287.62	3293.71	47259	0	18
2025.05.27	16:00:00	3293.69	3304.74	3284.98	3297.78	53064	0	18
2025.05.27	20:00:00	3297.79	3307.90	3296.86	3300.07	18640	0	18
2025.05.28	00:00:00	3301.59	3315.69	3297.06	3308.35	13476	0	18
2025.05.28	04:00:00	3308.28	3313.23	3291.54	3296.26	32084	0	18
2025.05.28	08:00:00	3296.26	3323.78	3295.86	3321.71	33621	0	18
2025.05.28	12:00:00	3321.69	3325.35	3305.40	3312.11	22990	0	18
2025.05.28	16:00:00	3312.11	3316.33	3288.61	3293.43	45205	0	18
2025.05.28	20:00:00	3293.43	3303.00	3274.33	3286.56	22478	0	18
2025.05.29	00:00:00	3286.46	3294.11	3250.00	3265.11	32445	0	18
2025.05.29	04:00:00	3265.11	3280.07	3245.32	3268.98	38698	0	18
2025.05.29	08:00:00	3269.06	3289.37	3265.99	3281.69	24324	0	18
2025.05.29	12:00:00	3281.68	3316.75	3276.24	3315.70	35010	0	18
2025.05.29	16:00:00	3315.70	3331.27	3304.75	3322.22	57125	0	18
2025.05.29	20:00:00	3322.20	3325.75	3315.31	3317.31	24601	0	18
2025.05.30	00:00:00	3319.86	3320.89	3309.47	3312.46	13933	0	18
2025.05.30	04:00:00	3312.61	3322.54	3291.19	3296.11	33562	0	18
2025.05.30	08:00:00	3296.11	3304.28	3286.73	3295.67	28864	0	18
2025.05.30	12:00:00	3295.68	3306.86	3282.77	3304.00	35845	0	18
2025.05.30	16:00:00	3303.99	3308.21	3271.71	3293.42	65170	0	18
2025.05.30	20:00:00	3293.42	3295.71	3288.41	3289.24	21690	0	18
2025.06.02	00:00:00	3298.16	3316.51	3297.57	3311.71	20452	0	18
2025.06.02	04:00:00	3311.74	3317.48	3300.85	3313.04	22872	0	18
2025.06.02	08:00:00	3313.10	3358.41	3313.00	3351.40	33380	0	18
2025.06.02	12:00:00	3351.42	3363.57	3344.04	3355.50	30729	0	18
2025.06.02	16:00:00	3355.49	3379.29	3350.31	3371.73	56132	0	18
2025.06.02	20:00:00	3371.67	3382.84	3370.72	3381.55	27498	0	18
2025.06.03	00:00:00	3383.74	3391.94	3373.00	3374.99	18627	0	18
2025.06.03	04:00:00	3374.99	3378.56	3358.92	3362.58	36637	0	14
2025.06.03	08:00:00	3362.62	3367.87	3351.03	3361.25	30070	0	18
2025.06.03	12:00:00	3361.26	3363.03	3348.86	3359.37	25540	0	18
2025.06.03	16:00:00	3359.42	3363.06	3333.05	3348.49	51159	0	18
2025.06.03	20:00:00	3348.47	3355.39	3347.41	3353.16	17312	0	18
2025.06.04	00:00:00	3355.64	3361.42	3349.86	3350.04	13379	0	18
2025.06.04	04:00:00	3350.05	3372.61	3346.32	3354.66	28554	0	18
2025.06.04	08:00:00	3354.66	3365.12	3348.06	3362.80	29088	0	18
2025.06.04	12:00:00	3362.81	3365.06	3343.75	3358.94	34423	0	18
2025.06.04	16:00:00	3358.94	3384.65	3350.79	3375.05	50501	0	18
2025.06.04	20:00:00	3374.87	3382.06	3370.55	3373.66	19085	0	18
2025.06.05	00:00:00	3373.52	3381.75	3372.29	3380.06	12735	0	18
2025.06.05	04:00:00	3380.06	3384.06	3363.78	3368.38	28075	0	18
2025.06.05	08:00:00	3368.41	3376.95	3361.12	3375.23	24633	0	18
2025.06.05	12:00:00	3375.25	3403.61	3374.03	3382.90	52380	0	18
2025.06.05	16:00:00	3382.91	3388.39	3339.28	3354.03	94471	0	18
2025.06.05	20:00:00	3354.08	3361.30	3348.90	3352.58	32774	0	18
2025.06.06	00:00:00	3354.31	3364.11	3352.87	3359.29	13833	0	18
2025.06.06	04:00:00	3359.34	3374.51	3356.45	3373.62	29976	0	18
2025.06.06	08:00:00	3373.54	3375.54	3352.86	3365.39	35840	0	18
2025.06.06	12:00:00	3365.40	3365.42	3343.53	3353.36	40896	0	18
2025.06.06	16:00:00	3353.30	3360.91	3316.35	3322.66	81192	0	18
2025.06.06	20:00:00	3322.66	3326.74	3307.01	3311.20	27288	0	18
2025.06.09	00:00:00	3315.13	3321.08	3298.16	3305.47	19702	0	18
2025.06.09	04:00:00	3305.71	3313.44	3293.38	3311.68	30739	0	18
2025.06.09	08:00:00	3311.75	3328.53	3309.53	3319.85	28426	0	18
2025.06.09	12:00:00	3319.85	3323.44	3312.09	3320.01	25384	0	18
2025.06.09	16:00:00	3319.92	3337.85	3310.79	3337.68	45734	0	18
2025.06.09	20:00:00	3337.67	3338.18	3324.85	3325.59	19476	0	18
2025.06.10	00:00:00	3326.92	3327.83	3314.44	3316.49	15131	0	18
2025.06.10	04:00:00	3316.49	3319.94	3301.82	3307.23	32808	0	18
2025.06.10	08:00:00	3307.29	3334.88	3306.74	3329.36	33837	0	18
2025.06.10	12:00:00	3329.37	3342.44	3327.19	3337.25	26877	0	18
2025.06.10	16:00:00	3337.25	3349.19	3319.87	3321.29	52990	0	18
2025.06.10	20:00:00	3321.31	3334.52	3319.35	3322.58	23903	0	18
2025.06.11	00:00:00	3321.34	3335.06	3315.41	3332.30	17663	0	18
2025.06.11	04:00:00	3332.29	3342.85	3327.19	3341.68	24346	0	18
2025.06.11	08:00:00	3341.69	3347.89	3332.44	3344.57	26910	0	18
2025.06.11	12:00:00	3344.57	3360.57	3326.13	3336.68	46252	0	18
2025.06.11	16:00:00	3336.72	3344.50	3327.69	3330.16	57328	0	18
2025.06.11	20:00:00	3330.18	3355.71	3319.44	3355.70	38329	0	18
2025.06.12	00:00:00	3358.33	3373.41	3356.12	3365.72	25710	0	18
2025.06.12	04:00:00	3365.72	3377.17	3362.43	3370.36	32482	0	18
2025.06.12	08:00:00	3370.36	3375.73	3338.47	3356.81	41502	0	18
2025.06.12	12:00:00	3356.80	3390.39	3355.40	3388.15	44366	0	18
2025.06.12	16:00:00	3388.14	3398.91	3377.78	3383.69	68514	0	18
2025.06.12	20:00:00	3383.69	3389.36	3378.07	3385.68	24263	0	18
2025.06.13	00:00:00	3386.21	3420.38	3379.58	3417.00	33886	0	18
2025.06.13	04:00:00	3417.03	3444.41	3414.07	3425.29	55736	0	18
2025.06.13	08:00:00	3425.34	3428.80	3407.96	3424.37	43999	0	18
2025.06.13	12:00:00	3424.41	3438.18	3411.60	3436.67	44173	0	18
2025.06.13	16:00:00	3436.64	3446.68	3419.20	3430.02	65903	0	18
2025.06.13	20:00:00	3429.99	3439.47	3427.40	3433.49	35166	0	18
2025.06.16	00:00:00	3441.69	3451.15	3434.12	3436.08	27506	0	18
2025.06.16	04:00:00	3436.05	3446.32	3426.80	3427.47	32028	0	18
2025.06.16	08:00:00	3427.60	3430.32	3409.48	3413.25	37532	0	18
2025.06.16	12:00:00	3413.29	3422.63	3410.68	3415.52	32975	0	18
2025.06.16	16:00:00	3415.52	3418.14	3382.75	3399.37	63724	0	18
2025.06.16	20:00:00	3399.36	3400.32	3382.76	3384.62	25928	0	18
2025.06.17	00:00:00	3386.70	3403.92	3386.08	3394.79	21743	0	18
2025.06.17	04:00:00	3394.85	3403.22	3373.77	3393.90	33731	0	18
2025.06.17	08:00:00	3393.95	3395.48	3377.84	3378.88	29675	0	18
2025.06.17	12:00:00	3378.86	3400.14	3375.70	3386.73	37805	0	18
2025.06.17	16:00:00	3386.77	3397.38	3366.10	3382.88	60797	0	18
2025.06.17	20:00:00	3382.91	3392.45	3381.30	3388.53	29284	0	18
2025.06.18	00:00:00	3392.18	3396.06	3382.26	3385.25	14659	0	18
2025.06.18	04:00:00	3385.24	3400.00	3369.88	3395.89	28748	0	18
2025.06.18	08:00:00	3395.94	3396.30	3377.12	3383.58	29592	0	18
2025.06.18	12:00:00	3383.57	3389.85	3375.45	3386.55	27291	0	18
2025.06.18	16:00:00	3386.58	3396.85	3373.83	3391.08	50461	0	18
2025.06.18	20:00:00	3391.07	3395.65	3362.42	3368.33	49830	0	18
2025.06.19	00:00:00	3370.07	3383.92	3369.31	3379.59	15183	0	18
2025.06.19	04:00:00	3379.53	3387.50	3368.93	3374.51	22659	0	18
2025.06.19	08:00:00	3374.50	3375.20	3347.42	3368.70	42868	0	18
2025.06.19	12:00:00	3368.70	3378.91	3363.69	3367.90	24830	0	18
2025.06.19	16:00:00	3368.05	3373.04	3361.52	3371.20	32146	0	18
2025.06.19	20:00:00	3371.19	3374.06	3370.88	3373.17	1123	0	18
2025.06.20	00:00:00	3369.14	3370.44	3361.85	3367.99	14050	0	18
2025.06.20	04:00:00	3368.02	3368.32	3345.19	3353.64	30857	0	18
2025.06.20	08:00:00	3353.63	3354.64	3339.64	3350.96	29645	0	18
2025.06.20	12:00:00	3350.93	3359.19	3341.98	3344.52	27883	0	18
2025.06.20	16:00:00	3344.52	3374.43	3343.00	3371.45	44664	0	18
2025.06.20	20:00:00	3371.45	3371.68	3364.62	3368.21	17571	0	18
2025.06.23	00:00:00	3391.65	3394.39	3358.42	3365.60	26339	0	18
2025.06.23	04:00:00	3365.52	3368.06	3351.86	3358.47	27281	0	18
2025.06.23	08:00:00	3358.47	3362.35	3347.02	3361.89	26780	0	18
2025.06.23	12:00:00	3361.78	3382.12	3355.92	3360.49	32740	0	18
2025.06.23	16:00:00	3360.48	3393.53	3359.68	3389.72	56363	0	18
2025.06.23	20:00:00	3389.71	3391.46	3367.13	3368.43	33996	0	18
2025.06.24	00:00:00	3368.78	3368.78	3333.16	3351.03	28781	0	18
2025.06.24	04:00:00	3351.07	3357.67	3342.13	3348.50	28131	0	18
2025.06.24	08:00:00	3348.45	3348.76	3316.03	3327.30	44998	0	18
2025.06.24	12:00:00	3327.30	3328.91	3304.56	3314.62	36391	0	18
2025.06.24	16:00:00	3314.59	3320.45	3295.44	3318.39	58850	0	18
2025.06.24	20:00:00	3318.44	3325.15	3315.71	3323.13	21931	0	18
2025.06.25	00:00:00	3324.77	3330.00	3320.71	3326.82	9495	0	18
2025.06.25	04:00:00	3326.82	3335.14	3325.69	3327.47	20819	0	18
2025.06.25	08:00:00	3327.40	3337.11	3326.47	3327.31	21202	0	18
2025.06.25	12:00:00	3327.37	3329.50	3318.12	3320.60	23396	0	18
2025.06.25	16:00:00	3320.62	3335.14	3311.96	3334.71	39597	0	18
2025.06.25	20:00:00	3334.71	3336.08	3324.63	3332.13	25614	0	18
2025.06.26	00:00:00	3334.95	3340.17	3331.16	3333.90	11970	0	18
2025.06.26	04:00:00	3334.00	3343.16	3329.23	3334.00	22036	0	18
2025.06.26	08:00:00	3334.01	3350.29	3331.02	3348.26	25164	0	18
2025.06.26	12:00:00	3348.25	3348.66	3321.55	3321.99	30339	0	18
2025.06.26	16:00:00	3321.99	3333.33	3309.93	3331.41	54782	0	18
2025.06.26	20:00:00	3331.39	3336.31	3327.70	3328.06	20831	0	18
2025.06.27	00:00:00	3327.07	3327.19	3313.24	3318.81	12376	0	18
2025.06.27	04:00:00	3318.63	3321.98	3290.30	3293.25	33088	0	18
2025.06.27	08:00:00	3293.32	3300.31	3281.86	3289.42	36519	0	18
2025.06.27	12:00:00	3289.41	3290.98	3269.43	3269.94	36481	0	18
2025.06.27	16:00:00	3270.01	3278.61	3255.81	3277.66	63183	0	18
2025.06.27	20:00:00	3277.69	3282.81	3268.31	3274.33	29011	0	18
2025.06.30	00:00:00	3280.94	3280.94	3244.73	3263.85	21717	0	18
2025.06.30	04:00:00	3263.75	3286.23	3259.43	3285.70	27496	0	18
2025.06.30	08:00:00	3285.61	3297.21	3284.66	3288.62	25356	0	18
2025.06.30	12:00:00	3288.58	3288.96	3274.54	3282.03	31740	0	18
2025.06.30	16:00:00	3281.99	3297.52	3278.00	3297.30	42938	0	18
2025.06.30	20:00:00	3297.31	3309.53	3292.05	3303.03	25060	0	18
2025.07.01	00:00:00	3303.16	3314.78	3302.16	3314.68	14213	0	18
2025.07.01	04:00:00	3314.65	3322.82	3313.88	3322.66	24427	0	18
2025.07.01	08:00:00	3322.75	3342.42	3322.75	3339.63	30480	0	18
2025.07.01	12:00:00	3339.64	3358.06	3338.25	3354.56	39291	0	18
2025.07.01	16:00:00	3354.59	3355.62	3337.05	3341.79	58354	0	18
2025.07.01	20:00:00	3341.81	3342.21	3336.77	3338.87	24233	0	18
2025.07.02	00:00:00	3337.63	3344.99	3334.51	3339.00	15246	0	18
2025.07.02	04:00:00	3339.04	3342.80	3328.53	3339.95	23243	0	18
2025.07.02	08:00:00	3339.98	3343.82	3327.64	3333.48	26709	0	18
2025.07.02	12:00:00	3333.48	3351.07	3332.99	3346.64	28479	0	18
2025.07.02	16:00:00	3346.51	3349.23	3333.89	3348.72	43331	0	18
2025.07.02	20:00:00	3348.46	3360.16	3347.40	3357.08	19229	0	18
2025.07.03	00:00:00	3359.08	3365.53	3343.50	3344.63	16004	0	18
2025.07.03	04:00:00	3344.60	3351.83	3341.83	3350.77	20452	0	18
2025.07.03	08:00:00	3350.80	3363.67	3350.13	3356.24	28857	0	18
2025.07.03	12:00:00	3356.20	3356.39	3311.52	3324.46	41981	0	18
2025.07.03	16:00:00	3324.46	3338.52	3322.05	3333.91	51095	0	18
2025.07.03	20:00:00	3333.95	3334.88	3325.33	3326.53	10410	0	18
2025.07.04	00:00:00	3326.32	3331.97	3323.44	3329.04	10811	0	18
2025.07.04	04:00:00	3329.02	3342.17	3326.16	3340.94	20958	0	18
2025.07.04	08:00:00	3340.96	3345.04	3336.45	3342.82	24324	0	18
2025.07.04	12:00:00	3342.82	3343.05	3331.40	3333.95	19853	0	18
2025.07.04	16:00:00	3333.93	3338.00	3330.79	3334.84	16421	0	18
2025.07.07	00:00:00	3337.38	3342.32	3320.99	3325.78	16236	0	18
2025.07.07	04:00:00	3325.78	3327.02	3305.18	3307.74	35089	0	18
2025.07.07	08:00:00	3307.82	3315.28	3300.64	3310.21	30945	0	18
2025.07.07	12:00:00	3310.10	3312.66	3295.65	3309.61	39124	0	18
2025.07.07	16:00:00	3309.58	3328.05	3306.13	3327.42	42749	0	18
2025.07.07	20:00:00	3327.52	3340.36	3327.37	3336.44	30849	0	18
2025.07.08	00:00:00	3339.50	3345.76	3330.49	3333.56	15888	0	18
2025.07.08	04:00:00	3333.56	3337.36	3326.67	3328.98	26471	0	18
2025.07.08	08:00:00	3328.92	3338.80	3322.57	3322.98	26614	0	18
2025.07.08	12:00:00	3322.96	3329.19	3319.22	3327.49	24324	0	18
2025.07.08	16:00:00	3327.48	3327.97	3287.03	3300.40	61824	0	18
2025.07.08	20:00:00	3300.41	3310.34	3299.27	3301.60	33892	0	18
2025.07.09	00:00:00	3303.15	3307.98	3297.11	3307.79	14560	0	18
2025.07.09	04:00:00	3307.79	3307.93	3285.64	3294.60	29337	0	18
2025.07.09	08:00:00	3294.63	3298.41	3282.60	3285.02	34880	0	18
2025.07.09	12:00:00	3285.03	3297.53	3283.28	3296.36	28970	0	18
2025.07.09	16:00:00	3296.37	3313.25	3291.88	3311.78	40733	0	18
2025.07.09	20:00:00	3311.78	3316.78	3307.99	3313.74	24997	0	18
2025.07.10	00:00:00	3314.03	3322.61	3313.90	3318.27	12082	0	18
2025.07.10	04:00:00	3318.27	3327.00	3314.81	3322.12	20752	0	18
2025.07.10	08:00:00	3322.15	3330.32	3319.84	3329.05	23069	0	18
2025.07.10	12:00:00	3329.05	3331.01	3318.63	3324.56	28425	0	18
2025.07.10	16:00:00	3324.53	3330.15	3310.07	3315.08	48142	0	18
2025.07.10	20:00:00	3315.07	3325.90	3314.65	3324.37	24028	0	18
2025.07.11	00:00:00	3325.28	3336.43	3321.95	3330.62	16557	0	18
2025.07.11	04:00:00	3330.64	3335.96	3325.30	3331.97	26416	0	18
2025.07.11	08:00:00	3331.93	3343.98	3331.12	3333.69	41045	0	18
2025.07.11	12:00:00	3333.80	3357.10	3333.59	3355.11	38553	0	18
2025.07.11	16:00:00	3355.11	3368.76	3350.08	3353.76	70983	0	18
2025.07.11	20:00:00	3353.70	3359.72	3349.33	3354.73	28262	0	18
2025.07.14	00:00:00	3364.58	3373.84	3358.79	3366.65	25693	0	18
2025.07.14	04:00:00	3366.65	3369.37	3353.72	3359.70	31594	0	18
2025.07.14	08:00:00	3359.53	3374.96	3353.53	3365.93	33446	0	18
2025.07.14	12:00:00	3366.06	3374.55	3349.35	3350.03	36146	0	18
2025.07.14	16:00:00	3350.03	3359.00	3340.92	3347.74	45165	0	18
2025.07.14	20:00:00	3347.75	3351.70	3341.23	3342.53	22693	0	18
2025.07.15	00:00:00	3343.94	3349.29	3341.25	3347.06	8538	0	18
2025.07.15	04:00:00	3347.06	3360.66	3345.00	3359.55	22563	0	18
2025.07.15	08:00:00	3359.57	3364.91	3355.93	3360.34	25655	0	18
2025.07.15	12:00:00	3360.30	3366.24	3346.44	3348.83	30413	0	18
2025.07.15	16:00:00	3348.94	3352.46	3320.22	3329.25	62590	0	18
2025.07.15	20:00:00	3329.25	3331.90	3324.75	3325.16	24258	0	17
2025.07.16	00:00:00	3323.98	3332.60	3323.82	3330.54	9802	0	18
2025.07.16	04:00:00	3330.55	3338.67	3325.04	3338.31	23677	0	18
2025.07.16	08:00:00	3338.31	3342.63	3335.67	3342.13	21139	0	18
2025.07.16	12:00:00	3342.09	3343.03	3331.65	3335.16	25925	0	18
2025.07.16	16:00:00	3335.20	3377.33	3319.61	3349.12	93243	0	18
2025.07.16	20:00:00	3349.12	3357.54	3345.97	3347.44	31525	0	18
2025.07.17	00:00:00	3349.94	3352.19	3339.81	3340.86	10991	0	18
2025.07.17	04:00:00	3340.83	3344.74	3335.55	3342.08	22630	0	18
2025.07.17	08:00:00	3342.07	3342.26	3324.52	3328.07	27047	0	18
2025.07.17	12:00:00	3328.07	3331.86	3309.17	3312.49	31889	0	18
2025.07.17	16:00:00	3312.49	3339.98	3310.43	3338.72	57270	0	18
2025.07.17	20:00:00	3338.73	3341.02	3335.56	3338.67	28124	0	45
2025.07.18	00:00:00	3339.46	3343.92	3337.78	3339.72	10155	0	45
2025.07.18	04:00:00	3339.71	3344.00	3332.96	3336.28	20666	0	45
2025.07.18	08:00:00	3336.32	3349.69	3331.01	3346.75	28917	0	45
2025.07.18	12:00:00	3346.78	3360.43	3346.73	3359.24	32788	0	40
2025.07.18	16:00:00	3359.23	3359.55	3351.07	3353.37	59632	0	40
2025.07.18	20:00:00	3353.58	3353.66	3347.53	3350.97	23973	0	40
2025.07.21	00:00:00	3348.87	3353.84	3344.94	3351.54	9688	0	40
2025.07.21	04:00:00	3351.50	3358.03	3349.86	3357.09	16982	0	40
2025.07.21	08:00:00	3356.86	3370.08	3356.86	3365.94	33001	0	33
2025.07.21	12:00:00	3365.94	3388.58	3362.72	3387.18	35757	0	40
2025.07.21	16:00:00	3387.27	3401.48	3383.51	3395.49	79414	0	33
2025.07.21	20:00:00	3395.49	3399.75	3391.31	3397.54	34850	0	40
2025.07.22	00:00:00	3398.22	3402.57	3389.86	3393.95	12075	0	40
2025.07.22	04:00:00	3393.93	3395.27	3384.36	3390.41	26147	0	40
2025.07.22	08:00:00	3390.44	3391.23	3382.60	3388.37	33465	0	40
2025.07.22	12:00:00	3388.34	3408.30	3383.95	3408.08	37888	0	40
2025.07.22	16:00:00	3408.09	3432.86	3404.99	3432.07	84502	0	40
2025.07.22	20:00:00	3432.16	3433.40	3426.41	3431.08	39855	0	40
2025.07.23	00:00:00	3431.47	3438.83	3426.29	3429.10	16369	0	40
2025.07.23	04:00:00	3429.15	3431.26	3419.74	3424.13	34260	0	40
2025.07.23	08:00:00	3424.12	3429.00	3417.03	3427.76	40231	0	40
2025.07.23	12:00:00	3427.67	3433.04	3419.81	3419.87	41353	0	40
2025.07.23	16:00:00	3419.87	3420.49	3381.36	3387.39	89725	0	40
2025.07.23	20:00:00	3387.41	3395.95	3385.69	3386.67	43288	0	40
2025.07.24	00:00:00	3388.93	3393.14	3386.45	3391.37	9617	0	40
2025.07.24	04:00:00	3391.36	3393.36	3375.09	3382.47	36779	0	40
2025.07.24	08:00:00	3382.46	3382.86	3365.77	3369.70	41549	0	40
2025.07.24	12:00:00	3369.56	3370.10	3352.63	3353.28	45958	0	40
2025.07.24	16:00:00	3353.25	3377.35	3351.31	3366.83	75478	0	40
2025.07.24	20:00:00	3366.83	3373.38	3366.17	3368.18	32651	0	40
2025.07.25	00:00:00	3368.30	3373.39	3365.06	3372.06	11563	0	40
2025.07.25	04:00:00	3372.08	3372.56	3357.16	3360.08	24450	0	40
2025.07.25	08:00:00	3360.11	3361.60	3343.73	3345.34	30644	0	40
2025.07.25	12:00:00	3345.36	3348.81	3336.27	3340.74	32747	0	40
2025.07.25	16:00:00	3340.71	3347.41	3324.84	3329.63	77215	0	31
2025.07.25	20:00:00	3329.64	3340.21	3329.51	3338.35	29611	0	40
2025.07.28	00:00:00	3325.33	3337.38	3323.40	3334.02	19800	0	40
2025.07.28	04:00:00	3333.99	3344.61	3330.53	3340.26	29977	0	40
2025.07.28	08:00:00	3340.22	3345.98	3332.92	3336.59	36413	0	40
2025.07.28	12:00:00	3336.61	3341.33	3326.09	3328.91	36397	0	40
2025.07.28	16:00:00	3328.89	3331.09	3301.69	3312.08	73014	0	38
2025.07.28	20:00:00	3312.06	3318.82	3308.66	3314.72	36283	0	40
2025.07.29	00:00:00	3313.43	3315.71	3307.97	3312.17	11984	0	40
2025.07.29	04:00:00	3312.15	3321.54	3309.00	3317.01	22781	0	40
2025.07.29	08:00:00	3317.05	3330.60	3311.81	3326.91	35428	0	40
2025.07.29	12:00:00	3326.89	3328.89	3315.53	3323.75	38502	0	40
2025.07.29	16:00:00	3323.79	3334.06	3311.88	3323.03	72984	0	40
2025.07.29	20:00:00	3323.08	3330.76	3322.53	3326.26	34262	0	40
2025.07.30	00:00:00	3326.95	3333.67	3325.87	3329.69	8136	0	40
2025.07.30	04:00:00	3329.64	3332.61	3320.99	3326.50	21520	0	40
2025.07.30	08:00:00	3326.45	3332.68	3322.26	3331.50	28026	0	40
2025.07.30	12:00:00	3331.48	3333.29	3309.91	3312.34	42984	0	40
2025.07.30	16:00:00	3312.35	3315.36	3288.54	3297.95	76206	0	39
2025.07.30	20:00:00	3297.96	3304.82	3267.87	3275.15	81473	0	40
2025.07.31	00:00:00	3274.91	3288.31	3273.42	3286.21	15020	0	40
2025.07.31	04:00:00	3286.34	3297.77	3284.95	3297.36	30563	0	40
2025.07.31	08:00:00	3297.34	3314.76	3293.95	3309.77	35115	0	40
2025.07.31	12:00:00	3309.79	3313.01	3293.68	3307.58	45848	0	40
2025.07.31	16:00:00	3307.67	3310.40	3289.52	3294.96	74212	0	40
2025.07.31	20:00:00	3294.97	3298.35	3289.68	3290.19	38405	0	38
2025.08.01	00:00:00	3289.86	3295.06	3286.38	3289.48	12381	0	40
2025.08.01	04:00:00	3289.41	3296.32	3280.86	3291.28	27944	0	40
2025.08.01	08:00:00	3291.31	3299.63	3284.42	3293.48	31105	0	40
2025.08.01	12:00:00	3293.50	3345.03	3292.02	3341.26	48987	0	37
2025.08.01	16:00:00	3341.24	3354.94	3338.76	3347.42	93684	0	18
2025.08.01	20:00:00	3347.37	3363.42	3345.65	3362.92	23570	0	18
2025.08.04	00:00:00	3365.43	3365.82	3350.26	3352.16	10505	0	22
2025.08.04	04:00:00	3352.19	3362.79	3345.04	3359.57	16018	0	22
2025.08.04	08:00:00	3359.72	3363.30	3352.43	3359.15	20180	0	18
2025.08.04	12:00:00	3359.19	3372.23	3353.61	3368.48	22765	0	18
2025.08.04	16:00:00	3368.48	3385.38	3367.78	3371.00	32394	0	18
2025.08.04	20:00:00	3371.01	3377.21	3370.74	3373.66	15520	0	18
2025.08.05	00:00:00	3374.42	3381.31	3373.67	3379.10	6282	0	25
2025.08.05	04:00:00	3379.17	3381.71	3370.30	3370.47	11968	0	25
2025.08.05	08:00:00	3370.44	3374.86	3365.03	3365.45	18786	0	18
2025.08.05	12:00:00	3365.48	3366.99	3349.87	3366.00	23450	0	20
2025.08.05	16:00:00	3366.15	3390.45	3365.88	3382.08	34137	0	18
2025.08.05	20:00:00	3382.10	3382.79	3378.18	3380.78	15529	0	18
2025.08.06	00:00:00	3380.80	3385.28	3378.15	3384.16	6226	0	23
2025.08.06	04:00:00	3383.90	3384.31	3372.91	3373.11	12732	0	23
2025.08.06	08:00:00	3373.22	3379.32	3365.49	3365.82	17053	0	14
2025.08.06	12:00:00	3365.83	3369.35	3358.91	3367.55	21103	0	18
2025.08.06	16:00:00	3367.50	3379.94	3365.34	3376.08	30691	0	18
2025.08.06	20:00:00	3376.07	3377.62	3367.18	3368.88	19875	0	18
2025.08.07	00:00:00	3370.76	3374.79	3365.25	3372.28	12391	0	26
2025.08.07	04:00:00	3372.27	3384.73	3370.11	3378.29	18473	0	26
2025.08.07	08:00:00	3378.44	3398.11	3372.34	3378.87	33408	0	16
2025.08.07	12:00:00	3378.85	3389.78	3371.86	3380.79	35483	0	21
2025.08.07	16:00:00	3380.80	3393.85	3375.23	3388.89	83598	0	21
2025.08.07	20:00:00	3388.90	3401.89	3384.46	3396.73	52377	0	21
2025.08.08	00:00:00	3400.97	3407.70	3387.53	3389.73	46015	0	21
2025.08.08	04:00:00	3389.71	3399.97	3381.94	3395.04	83911	0	21
2025.08.08	08:00:00	3395.03	3404.93	3389.51	3395.02	91322	0	21
2025.08.08	12:00:00	3395.07	3402.13	3381.34	3391.58	126587	0	21
2025.08.08	16:00:00	3391.66	3401.64	3381.23	3397.43	111998	0	21
2025.08.08	20:00:00	3397.42	3404.03	3368.22	3397.05	75432	0	21
2025.08.11	00:00:00	3403.77	3404.97	3381.48	3381.67	17954	0	25
2025.08.11	04:00:00	3381.64	3384.04	3367.72	3375.85	34230	0	25
2025.08.11	08:00:00	3375.81	3380.07	3356.99	3361.24	54367	0	16
2025.08.11	12:00:00	3361.25	3363.26	3344.43	3356.92	59983	0	21
2025.08.11	16:00:00	3356.93	3362.85	3341.51	3344.10	68995	0	21
2025.08.11	20:00:00	3344.14	3358.81	3341.22	3342.66	41573	0	21
2025.08.12	00:00:00	3342.75	3356.46	3342.45	3355.19	9330	0	27
2025.08.12	04:00:00	3355.22	3358.15	3346.89	3354.40	18873	0	27
2025.08.12	08:00:00	3354.45	3358.20	3342.26	3347.93	35089	0	18
2025.08.12	12:00:00	3347.92	3358.08	3336.12	3349.87	50406	0	23
2025.08.12	16:00:00	3349.86	3359.24	3331.10	3349.44	86137	0	23
2025.08.12	20:00:00	3349.44	3350.87	3345.54	3347.87	30010	0	23
2025.08.13	00:00:00	3349.83	3353.76	3341.98	3342.87	14384	0	25
2025.08.13	04:00:00	3342.90	3353.74	3342.01	3351.16	31168	0	25
2025.08.13	08:00:00	3351.15	3362.92	3344.93	3359.67	36471	0	18
2025.08.13	12:00:00	3359.67	3367.12	3355.47	3358.14	38491	0	23
2025.08.13	16:00:00	3358.17	3370.77	3354.17	3357.89	47758	0	23
2025.08.13	20:00:00	3357.89	3359.35	3350.03	3355.65	21120	0	23
2025.08.14	00:00:00	3357.11	3374.74	3356.71	3370.19	16769	0	28
2025.08.14	04:00:00	3370.18	3371.60	3356.12	3361.18	36588	0	28
2025.08.14	08:00:00	3361.17	3366.50	3341.41	3346.22	44634	0	21
2025.08.14	12:00:00	3346.22	3359.14	3342.00	3350.55	44560	0	26
2025.08.14	16:00:00	3350.56	3356.09	3329.68	3334.29	71567	0	26
2025.08.14	20:00:00	3334.29	3340.97	3331.72	3335.10	23591	0	26
2025.08.15	00:00:00	3336.73	3339.70	3332.20	3337.89	13310	0	28
2025.08.15	04:00:00	3337.92	3347.44	3334.12	3346.36	27482	0	28
2025.08.15	08:00:00	3346.35	3349.65	3339.16	3342.18	33051	0	21
2025.08.15	12:00:00	3342.16	3345.90	3333.43	3342.68	39244	0	26
2025.08.15	16:00:00	3342.69	3345.96	3332.79	3338.07	48599	0	36
2025.08.15	20:00:00	3338.07	3339.44	3334.22	3335.86	21586	0	36
2025.08.18	00:00:00	3336.26	3343.70	3323.82	3341.45	20280	0	28
2025.08.18	04:00:00	3341.44	3358.37	3340.45	3357.69	32249	0	28
2025.08.18	08:00:00	3357.69	3358.55	3344.45	3348.63	36405	0	21
2025.08.18	12:00:00	3348.61	3351.67	3343.09	3344.78	28471	0	26
2025.08.18	16:00:00	3344.78	3344.96	3331.52	3334.14	44105	0	26
2025.08.18	20:00:00	3334.15	3334.68	3330.04	3332.46	17236	0	26
2025.08.19	00:00:00	3333.60	3339.07	3325.98	3335.05	15107	0	28
2025.08.19	04:00:00	3335.05	3341.51	3329.27	3337.49	31593	0	28
2025.08.19	08:00:00	3337.51	3341.70	3334.41	3338.02	26763	0	21
2025.08.19	12:00:00	3338.03	3345.31	3333.99	3334.44	26407	0	31
2025.08.19	16:00:00	3334.57	3339.31	3316.72	3317.25	58155	0	40
2025.08.19	20:00:00	3317.18	3319.85	3314.65	3314.99	23008	0	40
2025.08.20	00:00:00	3316.39	3317.35	3311.93	3315.09	11169	0	40
2025.08.20	04:00:00	3315.08	3319.99	3311.24	3317.77	28755	0	40
2025.08.20	08:00:00	3317.86	3326.64	3317.17	3324.19	30502	0	40
2025.08.20	12:00:00	3324.17	3344.83	3322.73	3342.89	39036	0	35
2025.08.20	16:00:00	3342.90	3350.23	3338.79	3345.12	48501	0	33
2025.08.20	20:00:00	3345.11	3349.36	3344.04	3348.22	23858	0	35
2025.08.21	00:00:00	3350.74	3352.13	3341.42	3342.18	10358	0	35
2025.08.21	04:00:00	3342.22	3346.36	3337.91	3338.17	18817	0	35
2025.08.21	08:00:00	3338.21	3341.53	3334.23	3339.49	24983	0	35
2025.08.21	12:00:00	3339.51	3344.96	3324.93	3341.73	38787	0	35
2025.08.21	16:00:00	3341.76	3348.08	3335.90	3339.62	63706	0	35
2025.08.21	20:00:00	3339.68	3341.95	3336.40	3338.35	22244	0	35
2025.08.22	00:00:00	3338.81	3340.58	3334.95	3339.28	8608	0	35
2025.08.22	04:00:00	3339.38	3340.05	3327.64	3328.24	21756	0	35
2025.08.22	08:00:00	3328.21	3334.85	3325.06	3328.59	33650	0	35
2025.08.22	12:00:00	3328.59	3331.46	3321.22	3323.34	34496	0	35
2025.08.22	16:00:00	3323.31	3378.91	3323.09	3370.51	88099	0	35
2025.08.22	20:00:00	3370.54	3375.52	3368.81	3371.89	29892	0	31
2025.08.25	00:00:00	3371.21	3371.21	3363.48	3365.06	12150	0	33
2025.08.25	04:00:00	3365.07	3368.20	3359.79	3366.20	21008	0	33
2025.08.25	08:00:00	3366.16	3369.95	3363.20	3364.09	19199	0	26
2025.08.25	12:00:00	3363.99	3371.59	3361.99	3364.34	22224	0	26
2025.08.25	16:00:00	3364.31	3376.41	3362.03	3373.99	45714	0	35
2025.08.25	20:00:00	3374.00	3375.01	3364.20	3365.32	24745	0	35
2025.08.26	00:00:00	3365.56	3386.48	3351.20	3383.12	29077	0	35
2025.08.26	04:00:00	3383.13	3384.93	3369.57	3377.35	32012	0	35
2025.08.26	08:00:00	3377.43	3379.85	3367.05	3376.70	35223	0	35
2025.08.26	12:00:00	3376.72	3380.28	3366.99	3371.93	41230	0	35
2025.08.26	16:00:00	3371.89	3389.38	3370.15	3382.98	59347	0	35
2025.08.26	20:00:00	3382.96	3393.40	3380.33	3393.26	28071	0	33
2025.08.27	00:00:00	3393.84	3393.88	3388.86	3389.59	11407	0	35
2025.08.27	04:00:00	3389.61	3390.19	3373.69	3374.71	26891	0	35
2025.08.27	08:00:00	3374.74	3385.01	3373.64	3384.58	34290	0	35
2025.08.27	12:00:00	3384.55	3385.50	3373.47	3381.06	42915	0	35
2025.08.27	16:00:00	3381.09	3398.86	3375.42	3395.62	62849	0	34
2025.08.27	20:00:00	3395.60	3398.11	3392.37	3397.31	29600	0	35
2025.08.28	00:00:00	3398.86	3399.47	3391.38	3392.05	11834	0	35
2025.08.28	04:00:00	3392.08	3392.89	3384.46	3390.29	29322	0	35
2025.08.28	08:00:00	3390.28	3401.18	3387.55	3400.80	36983	0	35
2025.08.28	12:00:00	3400.83	3408.83	3393.91	3397.20	48658	0	35
2025.08.28	16:00:00	3397.22	3418.11	3394.44	3415.82	68182	0	35
2025.08.28	20:00:00	3415.73	3423.43	3414.79	3417.06	39803	0	35
2025.08.29	00:00:00	3416.69	3418.14	3413.33	3413.66	11389	0	35
2025.08.29	04:00:00	3413.65	3414.25	3407.54	3408.88	30870	0	35
2025.08.29	08:00:00	3408.94	3415.08	3406.42	3410.40	36358	0	35
2025.08.29	12:00:00	3410.46	3417.00	3404.17	3416.47	46940	0	35
2025.08.29	16:00:00	3416.58	3449.61	3413.53	3449.35	92083	0	35
2025.08.29	20:00:00	3449.24	3454.13	3441.07	3448.25	55322	0	31
2025.09.01	00:00:00	3444.38	3452.99	3442.53	3444.35	19693	0	33
2025.09.01	04:00:00	3444.39	3486.08	3437.16	3475.31	71640	0	33
2025.09.01	08:00:00	3475.32	3490.10	3467.74	3476.83	56154	0	26
2025.09.01	12:00:00	3476.82	3477.03	3466.08	3469.39	46003	0	35
2025.09.01	16:00:00	3469.27	3481.42	3468.76	3477.29	40639	0	35
2025.09.01	20:00:00	3477.27	3478.89	3476.11	3476.40	5792	0	35
2025.09.02	00:00:00	3474.49	3485.78	3473.99	3479.65	18118	0	35
2025.09.02	04:00:00	3479.60	3508.60	3477.49	3496.63	53230	0	35
2025.09.02	08:00:00	3496.55	3497.72	3469.85	3477.48	63098	0	35
2025.09.02	12:00:00	3477.50	3494.14	3474.33	3481.97	76456	0	35
2025.09.02	16:00:00	3481.98	3528.91	3478.12	3527.88	114681	0	34
2025.09.02	20:00:00	3527.89	3540.09	3521.89	3533.71	54939	0	34
2025.09.03	00:00:00	3531.44	3547.31	3526.34	3536.49	22753	0	35
2025.09.03	04:00:00	3536.46	3546.53	3529.78	3537.34	49733	0	35
2025.09.03	08:00:00	3537.39	3541.86	3527.14	3540.53	52815	0	35
2025.09.03	12:00:00	3540.54	3551.50	3532.78	3550.63	63498	0	35
2025.09.03	16:00:00	3550.64	3572.52	3549.25	3572.44	97553	0	28
2025.09.03	20:00:00	3572.42	3578.51	3558.60	3559.52	60464	0	32
2025.09.04	00:00:00	3560.87	3563.98	3551.89	3561.45	24260	0	35
2025.09.04	04:00:00	3561.42	3563.28	3510.95	3533.00	56371	0	35
2025.09.04	08:00:00	3532.93	3545.49	3524.24	3541.19	48922	0	33
2025.09.04	12:00:00	3541.24	3551.44	3536.42	3548.13	54262	0	34
2025.09.04	16:00:00	3548.13	3558.75	3535.10	3552.55	88975	0	35
2025.09.04	20:00:00	3552.44	3555.36	3542.40	3545.45	35443	0	35
2025.09.05	00:00:00	3543.41	3556.32	3539.93	3551.33	19373	0	35
2025.09.05	04:00:00	3551.36	3558.56	3545.15	3557.75	38054	0	35
2025.09.05	08:00:00	3557.74	3560.41	3544.07	3545.82	45941	0	35
2025.09.05	12:00:00	3545.83	3585.91	3545.76	3580.24	62205	0	35
2025.09.05	16:00:00	3580.28	3600.13	3573.14	3595.07	125967	0	33
2025.09.05	20:00:00	3595.11	3597.49	3587.23	3589.94	61657	0	35
2025.09.08	00:00:00	3584.69	3597.39	3583.98	3594.80	33733	0	35
2025.09.08	04:00:00	3594.79	3597.81	3580.26	3582.25	53939	0	35
2025.09.08	08:00:00	3582.27	3617.14	3581.85	3611.29	51127	0	35
2025.09.08	12:00:00	3611.25	3625.90	3608.59	3624.15	46946	0	35
2025.09.08	16:00:00	3624.16	3646.40	3620.06	3640.50	102802	0	28
2025.09.08	20:00:00	3640.53	3641.05	3631.67	3634.97	51779	0	35
2025.09.09	00:00:00	3634.36	3640.64	3628.28	3637.75	19713	0	35
2025.09.09	04:00:00	3637.74	3657.12	3635.25	3654.92	58874	0	33
2025.09.09	08:00:00	3654.82	3659.28	3636.41	3647.94	62471	0	35
2025.09.09	12:00:00	3647.98	3656.63	3643.40	3647.20	50646	0	35
2025.09.09	16:00:00	3647.16	3674.39	3626.81	3644.85	124486	0	35
2025.09.09	20:00:00	3644.90	3646.35	3626.51	3626.59	46956	0	46
2025.09.10	00:00:00	3625.04	3640.65	3621.08	3623.90	23849	0	46
2025.09.10	04:00:00	3623.96	3643.23	3620.04	3642.91	40826	0	46
2025.09.10	08:00:00	3642.92	3648.44	3639.80	3645.86	43830	0	46
2025.09.10	12:00:00	3645.87	3657.51	3640.24	3643.88	56050	0	46
2025.09.10	16:00:00	3643.87	3655.34	3638.37	3642.58	84866	0	42
2025.09.10	20:00:00	3642.55	3649.47	3634.97	3639.58	41824	0	46
2025.09.11	00:00:00	3642.48	3646.98	3637.87	3643.83	14247	0	46
2025.09.11	04:00:00	3643.81	3649.04	3629.71	3630.33	32000	0	46
2025.09.11	08:00:00	3630.35	3637.86	3622.54	3626.75	52838	0	31
2025.09.11	12:00:00	3626.76	3643.99	3612.90	3628.96	58626	0	31
2025.09.11	16:00:00	3628.96	3641.97	3618.34	3636.25	82847	0	31
2025.09.11	20:00:00	3636.26	3637.69	3630.42	3633.34	32524	0	31
2025.09.12	00:00:00	3634.54	3638.40	3629.72	3635.83	14501	0	33
2025.09.12	04:00:00	3635.83	3656.32	3635.83	3655.01	41569	0	33
2025.09.12	08:00:00	3654.99	3656.70	3639.62	3641.01	41845	0	26
2025.09.12	12:00:00	3641.01	3652.25	3637.57	3645.33	48234	0	31
2025.09.12	16:00:00	3645.41	3654.43	3641.82	3649.27	62466	0	37
2025.09.12	20:00:00	3649.26	3650.77	3641.32	3643.22	27081	0	41
2025.09.15	00:00:00	3644.96	3646.33	3631.40	3632.75	16625	0	43
2025.09.15	04:00:00	3632.72	3646.17	3625.88	3644.95	36997	0	43
2025.09.15	08:00:00	3644.96	3645.54	3633.03	3644.79	36700	0	36
2025.09.15	12:00:00	3644.79	3650.89	3635.07	3650.32	52644	0	35
2025.09.15	16:00:00	3650.30	3685.62	3646.88	3679.27	93006	0	35
2025.09.15	20:00:00	3679.26	3682.81	3675.85	3678.85	46114	0	34
2025.09.16	00:00:00	3680.61	3686.44	3675.30	3686.20	17145	0	33
2025.09.16	04:00:00	3686.17	3689.24	3674.37	3684.80	39747	0	35
2025.09.16	08:00:00	3684.78	3697.07	3680.12	3694.17	45791	0	35
2025.09.16	12:00:00	3694.21	3699.33	3686.24	3688.93	56004	0	35
2025.09.16	16:00:00	3688.98	3703.00	3678.57	3689.63	106227	0	35
2025.09.16	20:00:00	3689.60	3693.68	3686.12	3689.65	35517	0	35
2025.09.17	00:00:00	3689.25	3694.91	3689.15	3690.55	11779	0	20
2025.09.17	04:00:00	3690.52	3691.26	3674.71	3680.04	38396	0	20
2025.09.17	08:00:00	3680.04	3685.10	3661.86	3664.12	40599	0	17
2025.09.17	12:00:00	3664.12	3679.25	3659.31	3678.66	48643	0	20
2025.09.17	16:00:00	3678.66	3688.52	3672.63	3684.62	51169	0	20
2025.09.17	20:00:00	3684.63	3707.29	3646.03	3659.27	94044	0	15
2025.09.18	00:00:00	3660.59	3671.98	3654.55	3665.07	20079	0	20
2025.09.18	04:00:00	3665.08	3668.70	3651.74	3653.50	38855	0	20
2025.09.18	08:00:00	3653.50	3665.82	3633.40	3665.48	52040	0	20
2025.09.18	12:00:00	3665.48	3672.97	3662.80	3663.12	41621	0	17
2025.09.18	16:00:00	3663.13	3664.19	3627.87	3646.19	83243	0	18
2025.09.18	20:00:00	3646.19	3647.02	3640.47	3643.64	28381	0	20
2025.09.19	00:00:00	3643.05	3643.42	3636.01	3639.94	10454	0	20
2025.09.19	04:00:00	3639.92	3659.96	3632.17	3658.79	40083	0	20
2025.09.19	08:00:00	3658.82	3661.14	3643.36	3655.68	40319	0	20
2025.09.19	12:00:00	3655.73	3659.18	3644.50	3649.23	33786	0	8
2025.09.19	16:00:00	3649.25	3675.92	3643.54	3668.36	68747	0	8
2025.09.19	20:00:00	3668.36	3685.35	3668.05	3685.12	35631	0	8
2025.09.22	00:00:00	3683.78	3692.34	3683.51	3690.91	17344	0	8
2025.09.22	04:00:00	3690.93	3697.47	3685.54	3692.12	38053	0	8
2025.09.22	08:00:00	3692.17	3722.50	3691.79	3720.33	41859	0	8
2025.09.22	12:00:00	3720.32	3728.53	3712.09	3721.64	39732	0	8
2025.09.22	16:00:00	3721.64	3739.69	3713.73	3737.12	64555	0	8
2025.09.22	20:00:00	3737.12	3748.84	3737.12	3746.79	31653	0	8
2025.09.23	00:00:00	3745.24	3750.61	3738.13	3747.12	19023	0	8
2025.09.23	04:00:00	3747.08	3759.20	3736.64	3744.71	47185	0	8
2025.09.23	08:00:00	3744.69	3775.28	3743.24	3774.47	47605	0	8
2025.09.23	12:00:00	3774.47	3790.86	3774.35	3784.18	52461	0	8
2025.09.23	16:00:00	3784.16	3788.75	3764.78	3778.92	79083	0	8
2025.09.23	20:00:00	3778.95	3785.35	3751.89	3763.64	55264	0	8
2025.09.24	00:00:00	3766.18	3770.00	3758.70	3765.00	17078	0	8
2025.09.24	04:00:00	3764.99	3771.61	3750.36	3768.11	42692	0	8
2025.09.24	08:00:00	3768.11	3779.12	3766.87	3769.89	37789	0	8
2025.09.24	12:00:00	3769.87	3772.08	3759.45	3767.87	42668	0	3
2025.09.24	16:00:00	3767.87	3773.49	3731.99	3735.56	82555	0	8
2025.09.24	20:00:00	3735.56	3738.54	3717.29	3736.13	40865	0	8
2025.09.25	00:00:00	3738.99	3751.44	3738.11	3749.37	19035	0	8
2025.09.25	04:00:00	3749.34	3750.82	3730.14	3738.89	41027	0	5
2025.09.25	08:00:00	3738.87	3762.27	3734.53	3757.19	46016	0	8
2025.09.25	12:00:00	3757.11	3761.04	3731.25	3739.49	58554	0	8
2025.09.25	16:00:00	3739.49	3746.34	3721.86	3733.63	81429	0	6
2025.09.25	20:00:00	3733.63	3758.15	3732.24	3749.23	48362	0	8
2025.09.26	00:00:00	3747.92	3751.21	3737.82	3749.24	21366	0	8
2025.09.26	04:00:00	3749.23	3752.51	3733.61	3747.44	37865	0	8
2025.09.26	08:00:00	3747.45	3755.12	3738.37	3752.94	41128	0	8
2025.09.26	12:00:00	3752.86	3757.39	3742.96	3751.97	43959	0	7
2025.09.26	16:00:00	3751.97	3783.69	3751.21	3774.14	88513	0	8
2025.09.26	20:00:00	3774.16	3783.17	3759.46	3760.47	44273	0	8
2025.09.29	00:00:00	3760.01	3787.46	3759.94	3787.05	24054	0	8
2025.09.29	04:00:00	3787.07	3809.00	3767.78	3805.02	69178	0	8
2025.09.29	08:00:00	3805.02	3819.84	3801.22	3818.61	61251	0	8
2025.09.29	12:00:00	3818.57	3831.31	3805.82	3813.43	64187	0	8
2025.09.29	16:00:00	3813.52	3833.54	3809.55	3830.42	92609	0	20
2025.09.29	20:00:00	3830.42	3833.83	3822.63	3833.69	48508	0	20
2025.09.30	00:00:00	3830.23	3840.64	3825.72	3838.93	22168	0	22
2025.09.30	04:00:00	3838.94	3867.61	3837.90	3867.57	58392	0	22
2025.09.30	08:00:00	3867.56	3871.83	3807.57	3816.23	82947	0	18
2025.09.30	12:00:00	3816.22	3821.47	3792.98	3819.30	77283	0	20
2025.09.30	16:00:00	3819.30	3854.58	3811.55	3845.93	94894	0	20
2025.09.30	20:00:00	3845.92	3860.81	3839.77	3858.70	47260	0	20
2025.10.01	00:00:00	3857.86	3865.26	3854.81	3859.84	21382	0	22
2025.10.01	04:00:00	3859.85	3874.92	3855.54	3864.90	50146	0	22
2025.10.01	08:00:00	3864.91	3895.35	3853.41	3892.97	65324	0	18
2025.10.01	12:00:00	3892.99	3895.21	3864.46	3870.30	67821	0	20
2025.10.01	16:00:00	3870.34	3878.62	3856.24	3870.77	102565	0	20
2025.10.01	20:00:00	3870.76	3871.78	3854.92	3864.32	53099	0	20
2025.10.02	00:00:00	3868.87	3869.33	3855.87	3855.89	23731	0	22
2025.10.02	04:00:00	3855.85	3869.96	3852.80	3864.04	34206	0	22
2025.10.02	08:00:00	3864.05	3878.62	3861.66	3874.51	49437	0	18
2025.10.02	12:00:00	3874.51	3891.99	3873.28	3884.37	52499	0	20
2025.10.02	16:00:00	3884.41	3896.96	3819.35	3844.84	126663	0	20
2025.10.02	20:00:00	3844.75	3859.27	3840.44	3855.15	50978	0	20
2025.10.03	00:00:00	3856.98	3863.82	3852.12	3856.23	19261	0	22
2025.10.03	04:00:00	3856.12	3862.09	3838.68	3844.67	45969	0	22
2025.10.03	08:00:00	3844.68	3865.60	3844.52	3864.87	42714	0	18
2025.10.03	12:00:00	3864.75	3874.87	3854.77	3873.81	52448	0	20
2025.10.03	16:00:00	3874.12	3892.39	3865.89	3884.63	101496	0	20
2025.10.03	20:00:00	3884.64	3888.53	3876.31	3885.68	54195	0	20
2025.10.06	00:00:00	3886.95	3920.88	3883.43	3900.47	50180	0	22
2025.10.06	04:00:00	3900.48	3941.18	3899.70	3939.34	60025	0	22
2025.10.06	08:00:00	3939.34	3948.92	3921.80	3943.26	78428	0	18
2025.10.06	12:00:00	3943.35	3947.48	3926.88	3933.37	74349	0	20
2025.10.06	16:00:00	3933.39	3970.09	3928.10	3954.09	108065	0	20
2025.10.06	20:00:00	3954.06	3965.06	3951.16	3960.98	50631	0	20
2025.10.07	00:00:00	3958.04	3977.58	3958.04	3963.44	42941	0	22
2025.10.07	04:00:00	3963.46	3977.71	3955.29	3976.60	49125	0	22
2025.10.07	08:00:00	3976.61	3977.64	3940.50	3951.55	79261	0	18
2025.10.07	12:00:00	3951.52	3980.66	3951.31	3980.16	60754	0	18
2025.10.07	16:00:00	3980.17	3990.91	3961.70	3976.61	125176	0	20
2025.10.07	20:00:00	3976.64	3987.79	3974.11	3984.31	63286	0	25
2025.10.08	00:00:00	3983.63	3999.03	3982.96	3993.00	27343	0	27
2025.10.08	04:00:00	3992.99	4026.69	3985.22	4026.25	62092	0	27
2025.10.08	08:00:00	4026.06	4040.54	4022.07	4036.37	66995	0	20
2025.10.08	12:00:00	4036.38	4049.66	4030.87	4039.93	68348	0	25
2025.10.08	16:00:00	4039.88	4059.21	4026.32	4056.57	105419	0	25
2025.10.08	20:00:00	4056.58	4058.08	4032.07	4041.48	77092	0	25
2025.10.09	00:00:00	4039.68	4041.44	4002.18	4022.78	49849	0	27
2025.10.09	04:00:00	4022.78	4041.89	4001.96	4039.60	81527	0	27
2025.10.09	08:00:00	4039.53	4043.68	4023.31	4038.05	72283	0	20
2025.10.09	12:00:00	4038.07	4053.69	4033.47	4053.36	60817	0	20
2025.10.09	16:00:00	4053.40	4057.96	3964.02	3968.54	154993	0	25
2025.10.09	20:00:00	3968.89	3981.90	3944.61	3975.71	98128	0	25
2025.10.10	00:00:00	3979.77	3993.84	3958.54	3990.32	31581	0	27
2025.10.10	04:00:00	3990.30	3991.64	3946.85	3966.18	73287	0	27
2025.10.10	08:00:00	3966.18	3994.56	3952.50	3991.95	88268	0	20
2025.10.10	12:00:00	3991.93	4006.60	3980.15	3985.56	86336	0	25
2025.10.10	16:00:00	3985.55	4022.82	3970.66	3983.31	145402	0	25
2025.10.10	20:00:00	3983.30	4021.21	3975.03	4018.55	90644	0	25
2025.10.13	00:00:00	4012.70	4060.34	4002.65	4044.37	58421	0	27
2025.10.13	04:00:00	4044.36	4059.92	4036.52	4056.94	67103	0	27
2025.10.13	08:00:00	4056.94	4079.80	4055.54	4078.37	76063	0	20
2025.10.13	12:00:00	4078.40	4086.46	4070.91	4079.79	64517	0	25
2025.10.13	16:00:00	4079.79	4117.13	4078.40	4105.77	104279	0	25
2025.10.13	20:00:00	4105.77	4115.41	4090.86	4111.21	64919	0	25
2025.10.14	00:00:00	4109.30	4132.00	4106.63	4124.47	39499	0	27
2025.10.14	04:00:00	4124.44	4170.06	4123.26	4168.05	94097	0	27
2025.10.14	08:00:00	4168.08	4179.78	4090.51	4144.11	122570	0	20
2025.10.14	12:00:00	4144.11	4144.32	4103.53	4106.60	92356	0	25
2025.10.14	16:00:00	4106.69	4155.29	4097.94	4140.42	125074	0	25
2025.10.14	20:00:00	4140.38	4153.04	4134.50	4143.46	71241	0	25
2025.10.15	00:00:00	4143.46	4169.84	4140.56	4162.48	32287	0	27
2025.10.15	04:00:00	4162.49	4190.44	4162.10	4179.27	64397	0	27
2025.10.15	08:00:00	4179.22	4217.71	4176.20	4208.16	63206	0	20
2025.10.15	12:00:00	4208.29	4211.99	4164.77	4190.47	78056	0	27
2025.10.15	16:00:00	4190.46	4212.30	4179.73	4198.95	108044	0	27
2025.10.15	20:00:00	4198.93	4213.39	4182.51	4208.05	68665	0	27
2025.10.16	00:00:00	4208.95	4227.82	4199.42	4210.93	34894	0	27
2025.10.16	04:00:00	4210.88	4241.38	4210.86	4232.80	66484	0	27
2025.10.16	08:00:00	4232.80	4235.24	4202.77	4232.22	77089	0	43
2025.10.16	12:00:00	4232.23	4251.06	4221.14	4235.79	63740	0	45
2025.10.16	16:00:00	4235.83	4292.02	4234.70	4282.57	115498	0	30
2025.10.16	20:00:00	4282.60	4330.41	4273.42	4328.78	89505	0	30
2025.10.17	00:00:00	4333.38	4379.84	4332.56	4358.10	63827	0	30
2025.10.17	04:00:00	4358.05	4376.93	4278.26	4376.21	108023	0	30
2025.10.17	08:00:00	4376.25	4378.49	4310.72	4347.42	111467	0	30
2025.10.17	12:00:00	4347.36	4348.02	4283.20	4314.18	103577	0	30
2025.10.17	16:00:00	4314.19	4317.50	4200.45	4204.74	154992	0	30
2025.10.17	20:00:00	4204.75	4250.41	4185.79	4246.66	95485	0	20
2025.10.20	00:00:00	4243.66	4274.31	4218.80	4249.29	61915	0	20
2025.10.20	04:00:00	4249.30	4270.86	4229.30	4265.93	82320	0	20
2025.10.20	08:00:00	4265.50	4266.47	4221.15	4258.36	85407	0	20
2025.10.20	12:00:00	4258.41	4327.12	4245.43	4323.46	81816	0	18
2025.10.20	16:00:00	4323.83	4355.42	4292.69	4347.63	118082	0	18
2025.10.20	20:00:00	4347.63	4381.32	4337.17	4355.81	77729	0	18
2025.10.21	00:00:00	4358.39	4375.16	4356.10	4368.64	42668	0	20
2025.10.21	04:00:00	4368.59	4372.10	4332.73	4341.64	79576	0	20
2025.10.21	08:00:00	4341.43	4343.95	4244.77	4273.70	109479	0	18
2025.10.21	12:00:00	4273.76	4277.71	4205.57	4210.91	103628	0	18
2025.10.21	16:00:00	4210.90	4225.21	4079.74	4113.27	160907	0	18
2025.10.21	20:00:00	4113.29	4130.74	4093.92	4125.41	96785	0	18
2025.10.22	00:00:00	4125.95	4132.06	4003.82	4074.79	60647	0	18
2025.10.22	04:00:00	4074.82	4143.18	4064.22	4128.08	79858	0	18
2025.10.22	08:00:00	4128.20	4161.20	4055.73	4070.31	97002	0	18
2025.10.22	12:00:00	4070.35	4101.45	4014.53	4033.77	103704	0	18
2025.10.22	16:00:00	4033.77	4085.15	4011.17	4059.14	145833	0	18
2025.10.22	20:00:00	4059.15	4113.48	4044.04	4098.00	88624	0	18
2025.10.23	00:00:00	4104.16	4115.71	4065.99	4081.75	49583	0	20
2025.10.23	04:00:00	4081.84	4100.61	4071.75	4089.56	70372	0	20
2025.10.23	08:00:00	4089.57	4137.79	4083.87	4116.18	86983	0	18
2025.10.23	12:00:00	4116.17	4129.09	4099.94	4127.17	73451	0	18
2025.10.23	16:00:00	4127.06	4154.57	4125.44	4132.82	106842	0	18
2025.10.23	20:00:00	4132.56	4143.38	4107.23	4125.32	58635	0	18
2025.10.24	00:00:00	4128.80	4133.61	4105.89	4132.48	27754	0	20
2025.10.24	04:00:00	4132.52	4144.31	4102.59	4111.41	60021	0	20
2025.10.24	08:00:00	4111.41	4117.71	4047.44	4065.24	81753	0	18
2025.10.24	12:00:00	4065.22	4093.11	4044.08	4081.95	87430	0	18
2025.10.24	16:00:00	4081.96	4138.51	4078.90	4129.11	118587	0	18
2025.10.24	20:00:00	4129.18	4134.17	4096.47	4112.94	70992	0	18
2025.10.27	00:00:00	4078.10	4108.84	4058.04	4081.70	67433	0	20
2025.10.27	04:00:00	4081.70	4084.38	4053.50	4079.51	62090	0	20
2025.10.27	08:00:00	4079.50	4084.74	4023.62	4039.57	84553	0	18
2025.10.27	12:00:00	4039.56	4050.19	4013.26	4021.95	107377	0	18
2025.10.27	16:00:00	4021.91	4023.25	3971.22	4006.38	117983	0	18
2025.10.27	20:00:00	4006.32	4010.01	3979.13	3982.42	51281	0	18
